"ID","Description","GeneRatio","BgRatio","RichFactor","FoldEnrichment","zScore","pvalue","p.adjust","qvalue","geneID","Count","Ontology"
"GO:0030198","extracellular matrix organization","38/1865","66/11749",0.575757575757576,3.62711836867333,9.29671332222871,1.03867698534819e-14,1.0324449234361e-11,8.70301979302276e-12,"LAMB1/LAMB4/ADAMTS20/FBLN1/DPT/ABI3BP/ADAMTS5/POSTN/MMP27/MMP7/SERPINH1/CRTAP/RECK/MMP16/HAS2/SMOC2/ADAMTS3/NDNF/LOC423605/ADAMTS14/THSD4/ADAMTS17/ADAMTS7/GFOD2/ADAMTS18/ECM2/ADAMTS2/TGFBI/MMP28/MMP23A/PDPN/ADAMTS8/ADAMTS15/P3H4/ADAMTS10/ADAMTS12/ADAMTS6/ADAMTS19",38,"BP"
"GO:0045229","external encapsulating structure organization","38/1865","66/11749",0.575757575757576,3.62711836867333,9.29671332222871,1.03867698534819e-14,1.0324449234361e-11,8.70301979302276e-12,"LAMB1/LAMB4/ADAMTS20/FBLN1/DPT/ABI3BP/ADAMTS5/POSTN/MMP27/MMP7/SERPINH1/CRTAP/RECK/MMP16/HAS2/SMOC2/ADAMTS3/NDNF/LOC423605/ADAMTS14/THSD4/ADAMTS17/ADAMTS7/GFOD2/ADAMTS18/ECM2/ADAMTS2/TGFBI/MMP28/MMP23A/PDPN/ADAMTS8/ADAMTS15/P3H4/ADAMTS10/ADAMTS12/ADAMTS6/ADAMTS19",38,"BP"
"GO:0043062","extracellular structure organization","38/1865","67/11749",0.567164179104478,3.5729822736185,9.174250900933,2.03545062220253e-14,1.34882527897954e-11,1.13699557563032e-11,"LAMB1/LAMB4/ADAMTS20/FBLN1/DPT/ABI3BP/ADAMTS5/POSTN/MMP27/MMP7/SERPINH1/CRTAP/RECK/MMP16/HAS2/SMOC2/ADAMTS3/NDNF/LOC423605/ADAMTS14/THSD4/ADAMTS17/ADAMTS7/GFOD2/ADAMTS18/ECM2/ADAMTS2/TGFBI/MMP28/MMP23A/PDPN/ADAMTS8/ADAMTS15/P3H4/ADAMTS10/ADAMTS12/ADAMTS6/ADAMTS19",38,"BP"
"GO:0009653","anatomical structure morphogenesis","129/1865","477/11749",0.270440251572327,1.70370108081677,6.8155661322412,1.52245399188502e-10,7.56659633966854e-08,6.37828093442355e-08,"SEMA3D/SEMA3A/SEMA3E/SEMA3C/LAMB4/LMOD2/LRTM2/CALD1/PTPRO/LOC101750972/NTF3/MFAP5/EPHB6/EPHA3/EPHA6/ROBO1/CHODL/MYO16/FGF14/LECT1/FAT3/PAK1/NRP1/FAM171A1/EOMES/TMEM108/TBX20/RECK/NRN1/CDH6/CTNND2/SEMA5A/FHOD3/CDH7/ASXL3/SOX17/ANGPT1/MEIS1/ISM1/ENAH/VASH2/GREM2/TBXT/ADGRG6/EPHA7/MYO6/ANGPT2/SOX11/LOC426385/FGF13/TNMD/INTU/FGF2/PITX2/PDGFRA/CSRP3/THBS1/GREM1/UNC5B/CXCL12/DUSP5/FOXI2/COL6A1/NRP2/CCDC141/HOXD9/SEMA5B/ERMN/PALMD/FGF12/EPHB3/SEMA7A/PRTG/FGF7/SMAD3/MAP1A/NRN1L/CDH11/CDH8/SEMA3DL/SEMA3B/LAMB2/LMOD3/CHL1/PLXND1/ECSCR/FOXI1/SLIT3/DBN1/UNC5A/CYFIP2/PDGFRB/MYOT/PITX1/MIEF2/SOX8/TBX5/GAS7/NPTX1/NF2L/SERPINF1/TBX4/LAMA5/MFAP2/PINK1/PDPN/LZTS1/ADGRA2/ROBO3/CDON/JAM3/VANGL2/TMOD4/PTPRVP/TNNT2/PLXNA2/NGF/TANC2/TCAP/HOMER3/HOXC9/RNF165/GDNF/EMB/MAP1B/PGM5/ANXA1/TMOD1/LOC121108945",129,"BP"
"GO:0007411","axon guidance","39/1865","91/11749",0.428571428571429,2.69988510149368,7.07103939547151,7.50658730764291e-10,2.48718259459902e-07,2.09657666557325e-07,"SEMA3D/SEMA3A/SEMA3E/SEMA3C/LAMB4/PTPRO/LOC101750972/EPHB6/EPHA3/EPHA6/ROBO1/NRP1/SEMA5A/ENAH/EPHA7/UNC5B/CXCL12/NRP2/CCDC141/SEMA5B/EPHB3/SEMA7A/PRTG/SEMA3DL/SEMA3B/LAMB2/CHL1/PLXND1/SLIT3/UNC5A/CYFIP2/MYOT/LAMA5/ROBO3/CDON/PLXNA2/HOMER3/RNF165/EMB",39,"BP"
"GO:0097485","neuron projection guidance","39/1865","91/11749",0.428571428571429,2.69988510149368,7.07103939547151,7.50658730764291e-10,2.48718259459902e-07,2.09657666557325e-07,"SEMA3D/SEMA3A/SEMA3E/SEMA3C/LAMB4/PTPRO/LOC101750972/EPHB6/EPHA3/EPHA6/ROBO1/NRP1/SEMA5A/ENAH/EPHA7/UNC5B/CXCL12/NRP2/CCDC141/SEMA5B/EPHB3/SEMA7A/PRTG/SEMA3DL/SEMA3B/LAMB2/CHL1/PLXND1/SLIT3/UNC5A/CYFIP2/MYOT/LAMA5/ROBO3/CDON/PLXNA2/HOMER3/RNF165/EMB",39,"BP"
"GO:0048468","cell development","120/1865","448/11749",0.267857142857143,1.68742818843355,6.4441096988989,1.29049772870677e-09,3.66501354952723e-07,3.08943215654312e-07,"SEMA3D/SEMA3A/SEMA3E/SEMA3C/LAMB4/LMOD2/LRTM2/PTPRO/PDE3A/LOC101750972/PTHLH/NTF3/EPHB6/EPHA3/EPHA6/ROBO1/CHODL/EFHC2/MYO16/DCLK1/TENM4/PAK1/NRP1/EOMES/MTURN/TMEM108/NRN1/CTNND2/SEMA5A/FHOD3/IRX2/TOX/STMN2/C2orf71/MEIS1/BFSP1/ENAH/ADGRG6/EPHA7/LOC426385/DCX/SCLT1/KIT/CSRP3/PLD4/UNC5B/CXCL12/CRTAC1/COL6A1/NRP2/CTLA4/CCDC141/PPP1R19L/SEMA5B/LHX8/HES1/EPHB3/ALPK3/SEMA7A/FBXO22/PRTG/MAP1A/NRN1L/TDRD12/CEBPA/SEMA3DL/SEMA3B/DNASE1L3/LAMB2/LMOD3/CHL1/PLXND1/SLIT3/DBN1/UNC5A/GPRIN1/CYFIP2/ITK/MYOT/SOX8/SELPLG/CFAP73/NEFH/TNFSF8/GAS7/NPTX1/NF2L/SERPINF1/EVI2B/MAFB/LAMA5/STMN3/MXRA8/LZTS1/RUNX3/LCK/ROBO3/CDON/CD3E/CD3D/TMOD4/TNNT2/LOC121107612/PLXNA2/PTPN22/NGF/TANC2/TCAP/JAK3/HOMER3/NANOS3/RNF165/LOC431653/SPEF2/EMB/MAP1B/PGM5/ANXA1/NREP/TMOD1",120,"BP"
"GO:0048858","cell projection morphogenesis","58/1865","173/11749",0.335260115606936,2.11204884625517,6.40062929636812,6.33745331695685e-09,1.28175227056514e-06,1.08045621875447e-06,"SEMA3D/SEMA3A/SEMA3E/SEMA3C/LAMB4/LRTM2/PTPRO/LOC101750972/NTF3/EPHB6/EPHA3/EPHA6/ROBO1/CHODL/MYO16/PAK1/NRP1/TMEM108/NRN1/CTNND2/SEMA5A/ENAH/EPHA7/LOC426385/UNC5B/CXCL12/NRP2/CCDC141/SEMA5B/EPHB3/SEMA7A/PRTG/MAP1A/NRN1L/SEMA3DL/SEMA3B/LAMB2/CHL1/PLXND1/SLIT3/DBN1/UNC5A/CYFIP2/MYOT/GAS7/NPTX1/LAMA5/PDPN/LZTS1/ROBO3/CDON/PLXNA2/NGF/TANC2/HOMER3/RNF165/EMB/MAP1B",58,"BP"
"GO:0120039","plasma membrane bounded cell projection morphogenesis","58/1865","173/11749",0.335260115606936,2.11204884625517,6.40062929636812,6.33745331695685e-09,1.28175227056514e-06,1.08045621875447e-06,"SEMA3D/SEMA3A/SEMA3E/SEMA3C/LAMB4/LRTM2/PTPRO/LOC101750972/NTF3/EPHB6/EPHA3/EPHA6/ROBO1/CHODL/MYO16/PAK1/NRP1/TMEM108/NRN1/CTNND2/SEMA5A/ENAH/EPHA7/LOC426385/UNC5B/CXCL12/NRP2/CCDC141/SEMA5B/EPHB3/SEMA7A/PRTG/MAP1A/NRN1L/SEMA3DL/SEMA3B/LAMB2/CHL1/PLXND1/SLIT3/DBN1/UNC5A/CYFIP2/MYOT/GAS7/NPTX1/LAMA5/PDPN/LZTS1/ROBO3/CDON/PLXNA2/NGF/TANC2/HOMER3/RNF165/EMB/MAP1B",58,"BP"
"GO:0061564","axon development","51/1865","144/11749",0.354166666666667,2.23115504915103,6.45693542078617,6.44744602899968e-09,1.28175227056514e-06,1.08045621875447e-06,"SEMA3D/SEMA3A/SEMA3E/SEMA3C/LAMB4/LRTM2/PTPRO/LOC101750972/EPHB6/EPHA3/EPHA6/ROBO1/CHODL/PAK1/NRP1/SEMA5A/ENAH/EPHA7/LOC426385/UNC5B/CXCL12/CRTAC1/NRP2/CCDC141/SEMA5B/EPHB3/SEMA7A/PRTG/MAP1A/SEMA3DL/SEMA3B/LAMB2/CHL1/PLXND1/SLIT3/DBN1/UNC5A/CYFIP2/MYOT/NEFH/NPTX1/LAMA5/ROBO3/CDON/PLXNA2/NGF/HOMER3/RNF165/EMB/MAP1B/NREP",51,"BP"
"GO:0048812","neuron projection morphogenesis","57/1865","171/11749",0.333333333333333,2.09991063449508,6.29352124036144,1.08302979016436e-08,1.95733020258795e-06,1.64993629276714e-06,"SEMA3D/SEMA3A/SEMA3E/SEMA3C/LAMB4/LRTM2/PTPRO/LOC101750972/NTF3/EPHB6/EPHA3/EPHA6/ROBO1/CHODL/MYO16/PAK1/NRP1/TMEM108/NRN1/CTNND2/SEMA5A/ENAH/EPHA7/LOC426385/UNC5B/CXCL12/NRP2/CCDC141/SEMA5B/EPHB3/SEMA7A/PRTG/MAP1A/NRN1L/SEMA3DL/SEMA3B/LAMB2/CHL1/PLXND1/SLIT3/DBN1/UNC5A/CYFIP2/MYOT/GAS7/NPTX1/LAMA5/LZTS1/ROBO3/CDON/PLXNA2/NGF/TANC2/HOMER3/RNF165/EMB/MAP1B",57,"BP"
"GO:0000902","cell morphogenesis","70/1865","230/11749",0.304347826086957,1.91730970975638,6.102777523496,1.78727669078331e-08,2.96092171773101e-06,2.49591622081318e-06,"SEMA3D/SEMA3A/SEMA3E/SEMA3C/LAMB4/LRTM2/PTPRO/LOC101750972/NTF3/EPHB6/EPHA3/EPHA6/ROBO1/CHODL/MYO16/FAT3/PAK1/NRP1/FAM171A1/TMEM108/NRN1/CDH6/CTNND2/SEMA5A/CDH7/ENAH/EPHA7/LOC426385/UNC5B/CXCL12/COL6A1/NRP2/CCDC141/SEMA5B/ERMN/PALMD/EPHB3/SEMA7A/PRTG/MAP1A/NRN1L/CDH11/CDH8/SEMA3DL/SEMA3B/LAMB2/CHL1/PLXND1/SLIT3/DBN1/UNC5A/CYFIP2/MYOT/GAS7/NPTX1/NF2L/LAMA5/PDPN/LZTS1/ROBO3/CDON/PLXNA2/NGF/TANC2/HOMER3/RNF165/EMB/MAP1B/ANXA1/LOC121108945",70,"BP"
"GO:0007409","axonogenesis","48/1865","137/11749",0.35036496350365,2.20720533844739,6.17366323934455,2.6500184162695e-08,4.05248970118752e-06,3.41605612850287e-06,"SEMA3D/SEMA3A/SEMA3E/SEMA3C/LAMB4/LRTM2/PTPRO/LOC101750972/EPHB6/EPHA3/EPHA6/ROBO1/CHODL/PAK1/NRP1/SEMA5A/ENAH/EPHA7/LOC426385/UNC5B/CXCL12/NRP2/CCDC141/SEMA5B/EPHB3/SEMA7A/PRTG/MAP1A/SEMA3DL/SEMA3B/LAMB2/CHL1/PLXND1/SLIT3/DBN1/UNC5A/CYFIP2/MYOT/NPTX1/LAMA5/ROBO3/CDON/PLXNA2/NGF/HOMER3/RNF165/EMB/MAP1B",48,"BP"
"GO:0030182","neuron differentiation","88/1865","325/11749",0.270769230769231,1.70577356155908,5.60470795193353,1.27170216603259e-07,1.77128958241871e-05,1.49311289590733e-05,"SEMA3D/SEMA3A/SEMA3E/SEMA3C/LAMB4/WNT16/WNT2/LRTM2/PTPRO/LOC101750972/NTF3/EPHB6/EPHA3/EPHA6/ROBO1/CHODL/EFHC2/MYO16/DCLK1/TENM4/PAK1/WNT11/GDPD5/EN2/NRP1/TMEM108/NRN1/CTNND2/SEMA5A/IRX2/STMN2/ALK/C2orf71/ENAH/EPHA7/MYO6/SOX11/LOC426385/DCX/SCLT1/UNC5B/CXCL12/CRTAC1/EMX2/NRP2/CCDC141/PPP1R19L/SEMA5B/NR4A2/LHX8/HES1/EPHB3/SEMA7A/PRTG/MAP1A/NRN1L/SEMA3DL/SEMA3B/WNT5A/LAMB2/CHL1/PLXND1/SLIT3/DBN1/UNC5A/GPRIN1/CYFIP2/MYOT/NEFH/GAS7/NPTX1/LAMA5/STMN3/WNT4/LZTS1/RUNX3/ROBO3/CDON/PLXNA2/WNT2B/NGF/WNT9B/TANC2/HOMER3/RNF165/EMB/MAP1B/NREP",88,"BP"
"GO:0007155","cell adhesion","106/1865","413/11749",0.256658595641647,1.6168803432674,5.54371707223638,1.33648610343464e-07,1.77128958241871e-05,1.49311289590733e-05,"LAMB1/LAMB4/NRCAM/TNFRSF13C/TRIOBP/PARVB/CLSTN3/IGSF11/ABI3BP/CD88/ROBO1/ITGBL1/CLDN10/POSTN/FAT3/TENM4/DCHS1/EPDR1/ITGA9/CDH6/CTNND2/CDH7/LOC414835/CCN3/WISP1/DLK2/CLDN20/CCN2/LOC121113198/PCDH19/PCDH11X/PCDH18/ADGRL3/FAT4/FAT1/CD5/SPON1/PARVA/LYVE1/THBS1/RET/CDH23/ICOS/CTLA4/ITGA6/CYTIP/CRB1/SELP/NOTCH2/SELE/HMCN1/LIMS2/SNED1/CLSTN2/MUC4L/NLGN1/NEO1/PRTG/ITGA11/CDH11/CDH8/STAB1/ECM2/NINJ1/CHL1/PLXND1/PCDHAC1/PCDHAC2/LOC107056903/LOC107054467/PCDHGC3/PCDHGC5/PCDH1/PCDH12/MYOT/TGFBI/ITGAD/SELPLG/ITGB4/LAMA5/MXRA8/TNFRSF18/PLA2G2E/PLA2G5/PDPN/ROBO3/CDON/IGSF9B/JAM3/NCAM1/CADM3/PKP1/NFASC/CD34/PLXNA2/PTPN22/MADCAM1/LOC107049666/EMB/THBS4/ANXA1/NTRK2/HAPLN1/VCAN/LOC121108945/LOC121108967",106,"BP"
"GO:0048699","generation of neurons","90/1865","338/11749",0.266272189349112,1.67744340625347,5.48939567882365,2.08810091972924e-07,2.47441282234565e-05,2.08581235474652e-05,"SEMA3D/SEMA3A/SEMA3E/SEMA3C/RELN/LAMB4/WNT16/WNT2/LRTM2/PTPRO/LOC101750972/NTF3/EPHB6/EPHA3/EPHA6/ROBO1/CHODL/EFHC2/MYO16/DCLK1/TENM4/PAK1/WNT11/GDPD5/EN2/NRP1/TMEM108/NRN1/CTNND2/SEMA5A/IRX2/STMN2/ALK/C2orf71/ENAH/EPHA7/MYO6/SOX11/LOC426385/DCX/SCLT1/UNC5B/CXCL12/CRTAC1/EMX2/NRP2/CCDC141/PPP1R19L/SEMA5B/NR4A2/LHX8/HES1/EPHB3/SEMA7A/PRTG/MAP1A/NRN1L/SEMA3DL/SEMA3B/WNT5A/LAMB2/CHL1/PLXND1/SLIT3/DBN1/UNC5A/GPRIN1/CYFIP2/MYOT/NEFH/NSMF/GAS7/NPTX1/LAMA5/STMN3/WNT4/LZTS1/RUNX3/ROBO3/CDON/PLXNA2/WNT2B/NGF/WNT9B/TANC2/HOMER3/RNF165/EMB/MAP1B/NREP",90,"BP"
"GO:0048666","neuron development","71/1865","248/11749",0.286290322580645,1.80355227882038,5.55555171132432,2.11594657846459e-07,2.47441282234565e-05,2.08581235474652e-05,"SEMA3D/SEMA3A/SEMA3E/SEMA3C/LAMB4/LRTM2/PTPRO/LOC101750972/NTF3/EPHB6/EPHA3/EPHA6/ROBO1/CHODL/EFHC2/MYO16/DCLK1/TENM4/PAK1/NRP1/TMEM108/NRN1/CTNND2/SEMA5A/STMN2/C2orf71/ENAH/EPHA7/LOC426385/DCX/SCLT1/UNC5B/CXCL12/CRTAC1/NRP2/CCDC141/PPP1R19L/SEMA5B/LHX8/EPHB3/SEMA7A/PRTG/MAP1A/NRN1L/SEMA3DL/SEMA3B/LAMB2/CHL1/PLXND1/SLIT3/DBN1/UNC5A/GPRIN1/CYFIP2/MYOT/NEFH/GAS7/NPTX1/LAMA5/STMN3/LZTS1/ROBO3/CDON/PLXNA2/NGF/TANC2/HOMER3/RNF165/EMB/MAP1B/NREP",71,"BP"
"GO:0048667","cell morphogenesis involved in neuron differentiation","51/1865","159/11749",0.320754716981132,2.02066872375942,5.62855183185762,2.5272541876372e-07,2.79121184723486e-05,2.35285886942598e-05,"SEMA3D/SEMA3A/SEMA3E/SEMA3C/LAMB4/LRTM2/PTPRO/LOC101750972/EPHB6/EPHA3/EPHA6/ROBO1/CHODL/PAK1/NRP1/CTNND2/SEMA5A/ENAH/EPHA7/LOC426385/UNC5B/CXCL12/NRP2/CCDC141/SEMA5B/EPHB3/SEMA7A/PRTG/MAP1A/SEMA3DL/SEMA3B/LAMB2/CHL1/PLXND1/SLIT3/DBN1/UNC5A/CYFIP2/MYOT/NPTX1/LAMA5/LZTS1/ROBO3/CDON/PLXNA2/NGF/TANC2/HOMER3/RNF165/EMB/MAP1B",51,"BP"
"GO:0006091","generation of precursor metabolites and energy","45/1865","134/11749",0.335820895522388,2.11558160937938,5.64155929302265,2.94029766604017e-07,3.07647987373045e-05,2.59332625170967e-05,"PPP1R3A/BPGM/TPI1/SUCLA2/NDUFC2/CYCS/FAM173B/NDUFS6/HMGCLL1/FDX1B/PHKA1/COX7B/PGK2/SUCLG1/SLC25A22/OGDHL/PPP1R3C/PGAM1/COQ10B/NDUFB3/SLC25A12/AGL/PASK/PKLR/PHKB/UQCRFS1/GPI/UQCRQ/ATP5J2/FAM173A/UQCR10/MDH2/PHKG1/PPP1R3D/GCK/SDHD/SDHC/NDUFA7/UQCR11/PFKM/ATP5B/ALDOA/ALDOA/COX7C/ALDOB",45,"BP"
"GO:0022008","neurogenesis","97/1865","377/11749",0.257294429708223,1.62088592742194,5.32254184844241,4.0489497780621e-07,4.02465607939373e-05,3.39259370877625e-05,"SEMA3D/SEMA3A/SEMA3E/SEMA3C/RELN/LAMB4/WNT16/WNT2/LRTM2/PTPRO/LOC101750972/NTF3/EPHB6/EPHA3/EPHA6/ROBO1/CHODL/EFHC2/MYO16/DCLK1/TENM4/PAK1/WNT11/GDPD5/EN2/NRP1/TMEM108/NRN1/CTNND2/SEMA5A/IRX2/STMN2/ALK/C2orf71/ENAH/ADGRG6/EPHA7/MYO6/SOX11/LOC426385/DCX/SCLT1/UNC5B/CXCL12/CRTAC1/EMX2/NRP2/CCDC141/PPP1R19L/SEMA5B/NR4A2/LHX8/HES1/EPHB3/SEMA7A/PRTG/BTBD1/MAP1A/NRN1L/SEMA3DL/SEMA3B/WNT5A/LAMB2/CHL1/PLXND1/SLIT3/DBN1/UNC5A/GPRIN1/CYFIP2/MYOT/NEFH/NSMF/GAS7/NPTX1/NF2L/SERPINF1/LAMA5/STMN3/MXRA8/WNT4/LZTS1/RUNX3/ROBO3/CDON/PLXNA2/WNT2B/NGF/WNT9B/TANC2/HOMER3/RNF165/EMB/MAP1B/ANXA1/NREP/LPAR1",97,"BP"
"GO:0031175","neuron projection development","65/1865","226/11749",0.287610619469027,1.81186979525018,5.35319226183668,5.72227398179271e-07,5.4170860360971e-05,4.56634595439298e-05,"SEMA3D/SEMA3A/SEMA3E/SEMA3C/LAMB4/LRTM2/PTPRO/LOC101750972/NTF3/EPHB6/EPHA3/EPHA6/ROBO1/CHODL/EFHC2/MYO16/PAK1/NRP1/TMEM108/NRN1/CTNND2/SEMA5A/STMN2/ENAH/EPHA7/LOC426385/UNC5B/CXCL12/CRTAC1/NRP2/CCDC141/PPP1R19L/SEMA5B/EPHB3/SEMA7A/PRTG/MAP1A/NRN1L/SEMA3DL/SEMA3B/LAMB2/CHL1/PLXND1/SLIT3/DBN1/UNC5A/GPRIN1/CYFIP2/MYOT/NEFH/GAS7/NPTX1/LAMA5/STMN3/LZTS1/ROBO3/CDON/PLXNA2/NGF/TANC2/HOMER3/RNF165/EMB/MAP1B/NREP",65,"BP"
"GO:0045595","regulation of cell differentiation","43/1865","137/11749",0.313868613138686,1.97728811569245,4.99786367898152,4.08147726458626e-06,0.000368817127363522,0.000310895301685231,"SEMA3D/SEMA3A/SEMA3E/SEMA3C/PDE3A/PTHLH/NTF3/CHODL/AAMDC/GDPD5/MTURN/SEMA5A/ALK/MYOD1/CTLA4/SEMA5B/HES1/RBPMS2/SEMA7A/FBXO22/SEMA3DL/SEMA3B/PLXND1/DBN1/NOG2/METRNL/NF2L/SERPINF1/EVI2B/MAFB/PDPN/FGFR1/RUNX3/FNDC5/MYOG/LOC121107612/PLXNA2/NGF/APC2/HOMER3/ANXA1/NREP/HEMGN",43,"BP"
"GO:0051093","negative regulation of developmental process","21/1865","50/11749",0.42,2.64588739946381,5.06600682685221,9.19513002189151e-06,0.000794779064500884,0.000669960960862759,"SEMA3D/SEMA3A/SEMA3E/SEMA3C/LECT1/SEMA5A/ISM1/TNMD/THBS1/CTLA4/SEMA5B/HES1/RBPMS2/SEMA7A/SEMA3DL/SEMA3B/ECSCR/NOG2/SERPINF1/HOMER3/ANXA1",21,"BP"
"GO:0006813","potassium ion transport","38/1865","122/11749",0.311475409836066,1.96221157649541,4.64057371080493,1.76779619540357e-05,0.00146432451519263,0.00123435593994846,"KCND2/KCNMB4/KCNC2/WNK1/KCNA6/KCNA5/KCNE1/KCNH2/KCNK2/KCNH1/VIP/KCNQ5/KCNF1/KCNS3/KCNK3/PKD2/ABCC8/KCNK10/KCNIP2/KCNH7/KCNE4/SLC12A9/KCNMB2/KCNAB1/KCNG4/KCNJ12/KCNT1/KCNQ2/SLC12A5/KCNU1/KCNQ4/KCNC4/KCNA3/KCND3/KCNH6/LOC429785/LOC107055327/TMEM38B",38,"BP"
"GO:0098609","cell-cell adhesion","70/1865","274/11749",0.255474452554745,1.60942055928455,4.43374849783405,2.11900313869181e-05,0.00163774406755922,0.00138054037676283,"NRCAM/TNFRSF13C/CLSTN3/IGSF11/CD88/ROBO1/FAT3/TENM4/DCHS1/ITGA9/CDH6/CTNND2/CDH7/LOC414835/DLK2/LOC121113198/PCDH19/PCDH11X/PCDH18/ADGRL3/FAT4/FAT1/CD5/RET/CDH23/ICOS/CTLA4/ITGA6/CRB1/SELP/NOTCH2/SELE/HMCN1/LIMS2/SNED1/CLSTN2/NLGN1/NEO1/PRTG/ITGA11/CDH11/CDH8/CHL1/PCDHAC1/PCDHAC2/LOC107056903/LOC107054467/PCDHGC3/PCDHGC5/PCDH1/PCDH12/MYOT/ITGAD/SELPLG/PLA2G2E/PLA2G5/PDPN/ROBO3/CDON/IGSF9B/CADM3/PKP1/NFASC/PTPN22/MADCAM1/EMB/ANXA1/NTRK2/LOC121108945/LOC121108967",70,"BP"
"GO:0040011","locomotion","49/1865","173/11749",0.283236994219653,1.78431712873282,4.51430097582123,2.14191880063078e-05,0.00163774406755922,0.00138054037676283,"SEMA3D/SEMA3A/SEMA3E/SEMA3C/SRGAP1/PDGFB/FGF14/ACKR2/CFAP69/CCR8/CX3CR1/SEMA5A/AvBD7/FGF13/CXCL13/CXCL13L2/CXCL13L3/FGF2/KIT/CHRM4/BDKRB1/CXCL12/SEMA5B/FGF12/SEMA7A/FGF7/CCL17/SEMA3DL/SEMA3B/SRGAP3/PLXND1/SLIT3/PDGFRB/NSMF/CCL5/CCLI5/CCL1/LAMA5/PDPN/TACR1/PTP4A2/PLXNA2/CCR7/MADCAM1/HOMER3/CCL19/LOC100857191/ARHGEF39/ANXA1",49,"BP"
"GO:0030217","T cell differentiation","9/1865","13/11749",0.692307692307692,4.36135285625902,5.2672113989348,2.44018159308483e-05,0.00179669666927876,0.00151452986206279,"EOMES/CTLA4/ITK/TNFSF8/LCK/CD3E/CD3D/PTPN22/ANXA1",9,"BP"
"GO:0048646","anatomical structure formation involved in morphogenesis","36/1865","115/11749",0.31304347826087,1.97208998717799,4.55036127625088,2.57983989118168e-05,0.00179801686290347,0.00151564272251526,"LMOD2/CALD1/LECT1/NRP1/EOMES/RECK/FHOD3/SOX17/ANGPT1/MEIS1/ISM1/VASH2/TBXT/ADGRG6/ANGPT2/TNMD/CSRP3/THBS1/DUSP5/COL6A1/NRP2/LMOD3/ECSCR/PDGFRB/TBX5/SERPINF1/TBX4/ADGRA2/JAM3/TMOD4/PTPRVP/TNNT2/TCAP/PGM5/ANXA1/TMOD1",36,"BP"
"GO:0050793","regulation of developmental process","65/1865","251/11749",0.258964143426295,1.63140467620136,4.39226486363378,2.62286162093565e-05,0.00179801686290347,0.00151564272251526,"SEMA3D/SEMA3A/SEMA3E/SEMA3C/LRTM2/PDE3A/PTHLH/NTF3/CLSTN3/CHODL/LECT1/AAMDC/PAK1/GDPD5/FAM171A1/MTURN/SEMA5A/ALK/ISM1/CST7/VASH2/TNMD/MYOD1/THBS1/CTLA4/SEMA5B/ERMN/NOTCH2/PALMD/CLSTN2/HES1/RBPMS2/SEMA7A/FBXO22/SEMA3DL/SEMA3B/PLXND1/ECSCR/DBN1/MIEF2/NOG2/METRNL/NF2L/SERPINF1/EVI2B/MAFB/LAMA5/PINK1/PDPN/LZTS1/FGFR1/RUNX3/FNDC5/ECM1/MYOG/LOC121107612/PLXNA2/NGF/TANC2/APC2/HOMER3/GDNF/ANXA1/NREP/HEMGN",65,"BP"
"GO:0015980","energy derivation by oxidation of organic compounds","31/1865","94/11749",0.329787234042553,2.07757115966003,4.55626280094886,2.99152676805295e-05,0.00198238507162976,0.00167105635604923,"PPP1R3A/SUCLA2/NDUFC2/CYCS/FAM173B/NDUFS6/PHKA1/COX7B/SUCLG1/SLC25A22/OGDHL/PPP1R3C/COQ10B/SLC25A12/AGL/PASK/PHKB/UQCRFS1/UQCRQ/ATP5J2/FAM173A/UQCR10/MDH2/PHKG1/PPP1R3D/SDHD/SDHC/NDUFA7/UQCR11/ATP5B/COX7C",31,"BP"
"GO:0051241","negative regulation of multicellular organismal process","27/1865","78/11749",0.346153846153846,2.18067642812951,4.54442748907883,3.66730600999085e-05,0.00235180785414897,0.00198246219623275,"SEMA3D/SEMA3A/SEMA3E/SEMA3C/CD200L/CD88/LECT1/SEMA5A/ISM1/CST7/PLN/TNMD/ANXA5/THBS1/CTLA4/SEMA5B/SEMA7A/SEMA3DL/SEMA3B/ECSCR/ADRB2/SERPINF1/PLA2G2E/PLA2G5/PTPN22/HOMER3/ANXA1",27,"BP"
"GO:0061061","muscle structure development","23/1865","62/11749",0.370967741935484,2.33699731903485,4.58490010494115,3.93140145008971e-05,0.00235502554264892,0.00198517455464211,"LMOD2/LOC101750972/FHOD3/FHL1/PDLIM5/CSRP3/MYOD1/LPXN/LDB3/PDLIM1/ALPK3/RBPMS2/FBXO22/LMOD3/PDLIM4/MYL2/TMOD4/TNNT2/MYOG/TCAP/LOC431653/PGM5/TMOD1",23,"BP"
"GO:0006935","chemotaxis","30/1865","91/11749",0.32967032967033,2.07683469345668,4.47932659281028,4.02770968058669e-05,0.00235502554264892,0.00198517455464211,"SEMA3D/SEMA3A/SEMA3E/SEMA3C/ACKR2/CCR8/CX3CR1/SEMA5A/AvBD7/CXCL13/CXCL13L2/CXCL13L3/BDKRB1/CXCL12/SEMA5B/SEMA7A/FGF7/CCL17/SEMA3DL/SEMA3B/SLIT3/PDGFRB/CCL5/CCLI5/CCL1/CCR7/HOMER3/CCL19/LOC100857191/ANXA1",30,"BP"
"GO:0042330","taxis","30/1865","91/11749",0.32967032967033,2.07683469345668,4.47932659281028,4.02770968058669e-05,0.00235502554264892,0.00198517455464211,"SEMA3D/SEMA3A/SEMA3E/SEMA3C/ACKR2/CCR8/CX3CR1/SEMA5A/AvBD7/CXCL13/CXCL13L2/CXCL13L3/BDKRB1/CXCL12/SEMA5B/SEMA7A/FGF7/CCL17/SEMA3DL/SEMA3B/SLIT3/PDGFRB/CCL5/CCLI5/CCL1/CCR7/HOMER3/CCL19/LOC100857191/ANXA1",30,"BP"
"GO:0016049","cell growth","19/1865","47/11749",0.404255319148936,2.54670013119617,4.61508838850472,4.63251158850741e-05,0.00263126658227221,0.00221803261621167,"SEMA3D/SEMA3A/SEMA3E/SEMA3C/TMEM108/NRN1/SEMA5A/LOC426385/IGFBP7/KAZALD1/SEMA5B/SEMA7A/NRN1L/SEMA3DL/SEMA3B/DBN1/NGF/STK11/HOMER3",19,"BP"
"GO:0045596","negative regulation of cell differentiation","15/1865","33/11749",0.454545454545455,2.86351450158421,4.65645149925678,5.79178546343638e-05,0.0031983526392532,0.00269605919818442,"SEMA3D/SEMA3A/SEMA3E/SEMA3C/SEMA5A/CTLA4/SEMA5B/HES1/RBPMS2/SEMA7A/SEMA3DL/SEMA3B/NOG2/HOMER3/ANXA1",15,"BP"
"GO:0008652","amino acid biosynthetic process","19/1865","48/11749",0.395833333333333,2.49364387846291,4.50413305065737,6.53637105472775e-05,0.0035119745018375,0.00296042751610998,"CYLY/CBS/ASNS/PYCRL/LGSN/CAD/CARNS1/NOXRED1/GOT1/ALDH18A1/CPS1/GLS2/GAD1/PHGDH/GLUL/PSPH/BHMT2/PSAT1/DHFR",19,"BP"
"GO:0006936","muscle contraction","22/1865","60/11749",0.366666666666667,2.30990169794459,4.41855911389724,7.06692978183044e-05,0.0036971201069155,0.00311649645780445,"LMOD2/CALD1/KCNE1/STAC/FKBP1B/ADRA2C/CSRP3/KCNE4/LOC101748152/TPM1/LMOD3/ADRB2/MYL2/ADRA1A/EDN2/TPM3/TMOD4/TNNT2/TCAP/TPM2/PDE4D/TMOD1",22,"BP"
"GO:0170034","L-amino acid biosynthetic process","17/1865","41/11749",0.414634146341463,2.61208395998169,4.49151905966268,7.90364386390964e-05,0.00392811100036309,0.00331121079772215,"CYLY/CBS/ASNS/PYCRL/LGSN/CAD/NOXRED1/GOT1/ALDH18A1/CPS1/GLS2/PHGDH/GLUL/PSPH/BHMT2/PSAT1/DHFR",17,"BP"
"GO:0170038","proteinogenic amino acid biosynthetic process","17/1865","41/11749",0.414634146341463,2.61208395998169,4.49151905966268,7.90364386390964e-05,0.00392811100036309,0.00331121079772215,"CYLY/CBS/ASNS/PYCRL/LGSN/CAD/NOXRED1/GOT1/ALDH18A1/CPS1/GLS2/PHGDH/GLUL/PSPH/BHMT2/PSAT1/DHFR",17,"BP"
"GO:0016477","cell migration","65/1865","260/11749",0.25,1.57493297587131,4.07209401866228,8.32411756938431e-05,0.00403618188486244,0.0034023094147522,"SEMA3D/SEMA3A/SEMA3E/SEMA3C/RELN/LAMB1/LAMB4/SRGAP1/PDGFB/FGF14/ITGBL1/GPC6/DCLK1/SEMA5A/SDC1/AvBD7/FGF13/DCX/CXCL13/CXCL13L2/CXCL13L3/FGF2/KIT/BDKRB1/CXCL12/ITGA6/SEMA5B/SELP/SELE/FGF12/SEMA7A/FGF7/CCL17/RLTPR/SEMA3DL/SEMA3B/SRGAP3/PLXND1/PDGFRB/FSCN1/NDE1/RHOF/SELPLG/NSMF/VAV2/ITGB4/CCL5/CCLI5/CCL1/LAMA5/CASS4/PDPN/ASAP3/PTP4A2/S100A12/PLXNA2/TBX21/MADCAM1/APC2/HOMER3/LOC107049666/CCL19/LOC100857191/ARHGEF39/ANXA1",65,"BP"
"GO:0046034","ATP metabolic process","19/1865","49/11749",0.387755102040816,2.44275318706571,4.39594419046562,9.10196853044457e-05,0.00430826510441043,0.00363166263169618,"BPGM/TPI1/ATP5J/FAM173B/PGK2/PGAM1/PKLR/GPI/ATP5J2/FAM173A/AK1/GCK/LOC776719/ATP5G2/PFKM/ATP5B/ALDOA/ALDOA/ALDOB",19,"BP"
"GO:2000147","positive regulation of cell motility","22/1865","61/11749",0.360655737704918,2.27203445699468,4.3266195702514,9.41473433299387e-05,0.00435267252418414,0.00366909597506151,"SEMA3D/SEMA3A/SEMA3E/SEMA3C/PDGFB/CFAP69/SEMA5A/KIT/CXCL12/SEMA5B/SEMA7A/SEMA3DL/SEMA3B/PDGFRB/NSMF/PDPN/TACR1/PTP4A2/MADCAM1/HOMER3/ARHGEF39/ANXA1",22,"BP"
"GO:0009084","glutamine family amino acid biosynthetic process","8/1865","12/11749",0.666666666666667,4.19982126899017,4.81717928554964,0.000107693877615541,0.00486580519772035,0.00410164242018998,"PYCRL/LGSN/CAD/NOXRED1/ALDH18A1/CPS1/GLS2/GLUL",8,"BP"
"GO:0072359","circulatory system development","38/1865","132/11749",0.287878787878788,1.81355918433666,4.08304476867571,0.000119291715445176,0.00503066730774332,0.00424061334000179,"CALD1/LECT1/NRP1/TGFBR2/TBX20/RECK/FHOD3/SOX17/ANGPT1/MEIS1/ISM1/VASH2/TBXT/ADGRG6/ANGPT2/TNMD/HAND2/PDLIM5/THBS1/LDB3/PDLIM1/FN1/COL6A1/NRP2/ALPK3/DNAAF4/ECSCR/PDGFRB/PDLIM4/MYL2/TBX5/SERPINF1/TBX4/ADGRA2/JAM3/PTPRVP/TCAP/ANXA1",38,"BP"
"GO:0098742","cell-cell adhesion via plasma-membrane adhesion molecules","41/1865","146/11749",0.280821917808219,1.76910279481435,4.06191367982984,0.00012025576199766,0.00503066730774332,0.00424061334000179,"CLSTN3/IGSF11/ROBO1/FAT3/TENM4/DCHS1/CDH6/CDH7/LOC414835/DLK2/PCDH19/PCDH11X/PCDH18/ADGRL3/FAT4/FAT1/RET/CDH23/CRB1/SELP/NOTCH2/SELE/HMCN1/SNED1/CLSTN2/CDH11/CDH8/CHL1/PCDHAC1/PCDHAC2/LOC107056903/LOC107054467/PCDHGC3/PCDHGC5/PCDH1/PCDH12/MYOT/CADM3/EMB/NTRK2/LOC121108945",41,"BP"
"GO:0003012","muscle system process","22/1865","62/11749",0.354838709677419,2.23538873994638,4.23645872941024,0.000124305674185911,0.00503066730774332,0.00424061334000179,"LMOD2/CALD1/KCNE1/STAC/FKBP1B/ADRA2C/CSRP3/KCNE4/LOC101748152/TPM1/LMOD3/ADRB2/MYL2/ADRA1A/EDN2/TPM3/TMOD4/TNNT2/TCAP/TPM2/PDE4D/TMOD1",22,"BP"
"GO:0040017","positive regulation of locomotion","22/1865","62/11749",0.354838709677419,2.23538873994638,4.23645872941024,0.000124305674185911,0.00503066730774332,0.00424061334000179,"SEMA3D/SEMA3A/SEMA3E/SEMA3C/PDGFB/CFAP69/SEMA5A/KIT/CXCL12/SEMA5B/SEMA7A/SEMA3DL/SEMA3B/PDGFRB/NSMF/PDPN/TACR1/PTP4A2/MADCAM1/HOMER3/ARHGEF39/ANXA1",22,"BP"
"GO:0022603","regulation of anatomical structure morphogenesis","34/1865","114/11749",0.298245614035088,1.87886740981139,4.09588364445368,0.000125752249227191,0.00503066730774332,0.00424061334000179,"SEMA3D/SEMA3A/SEMA3E/SEMA3C/CHODL/LECT1/PAK1/FAM171A1/SEMA5A/ISM1/VASH2/TNMD/THBS1/SEMA5B/ERMN/PALMD/SEMA7A/SEMA3DL/SEMA3B/PLXND1/ECSCR/DBN1/MIEF2/NF2L/SERPINF1/PINK1/PDPN/LZTS1/PLXNA2/NGF/TANC2/HOMER3/GDNF/ANXA1",34,"BP"
"GO:0009205","purine ribonucleoside triphosphate metabolic process","21/1865","58/11749",0.362068965517241,2.28093741333087,4.24786881116894,0.000126525837719903,0.00503066730774332,0.00424061334000179,"BPGM/TPI1/ATP5J/FAM173B/PGK2/PGAM1/PKLR/GPI/ATP5J2/FAM173A/NME3/AK1/NME1/GCK/LOC776719/ATP5G2/PFKM/ATP5B/ALDOA/ALDOA/ALDOB",21,"BP"
"GO:0001558","regulation of cell growth","15/1865","35/11749",0.428571428571429,2.69988510149368,4.37477778922415,0.000132333120327851,0.00515839692572095,0.00434828333461175,"SEMA3D/SEMA3A/SEMA3E/SEMA3C/SEMA5A/IGFBP7/KAZALD1/SEMA5B/SEMA7A/SEMA3DL/SEMA3B/DBN1/NGF/STK11/HOMER3",15,"BP"
"GO:0048588","developmental cell growth","16/1865","39/11749",0.41025641025641,2.58450539630164,4.30529185168563,0.000148498052878967,0.00557007790798841,0.0046953108278712,"SEMA3D/SEMA3A/SEMA3E/SEMA3C/TMEM108/NRN1/SEMA5A/LOC426385/SEMA5B/SEMA7A/NRN1L/SEMA3DL/SEMA3B/DBN1/NGF/HOMER3",16,"BP"
"GO:0060560","developmental growth involved in morphogenesis","16/1865","39/11749",0.41025641025641,2.58450539630164,4.30529185168563,0.000148498052878967,0.00557007790798841,0.0046953108278712,"SEMA3D/SEMA3A/SEMA3E/SEMA3C/TMEM108/NRN1/SEMA5A/LOC426385/SEMA5B/SEMA7A/NRN1L/SEMA3DL/SEMA3B/DBN1/NGF/HOMER3",16,"BP"
"GO:0019752","carboxylic acid metabolic process","78/1865","332/11749",0.234939759036145,1.48005749539714,3.85426272494148,0.00015931715677383,0.00584148113397326,0.00492409084257409,"TST/BPGM/LDHB/TPI1/CYLY/CBS/RGNL/RGN/CRYL1/P4HA3/ASNS/HIBADH/GADL1/CRTAP/DSEL/ABHD3/PYCRL/GNMT/ME1/LGSN/HMGCLL1/CAD/PGK2/TDO2/CARNS1/TPH1/LDHA/EGLN3/ACSS1B/NOXRED1/C14orf159/ELOVL3/SCD/GOT1/HOGA1/PGAM1/AS3MT/ALDH18A1/CPS1/GLS2/GAD1/PHGDH/GLUL/NPL/DDAH1/VDHAP/FAAH/CPT2/EHHADH/CYP2AB2/PKLR/HDC/GATM/GOT2/GPI/ACSL6/ABAT/HPD/DAO/PRODH/FASN/MDH2/PSPH/ACOT8/PARK7/GCK/WDTC1/GAMT/LOC107050163/PFKM/ALDOA/ALDOA/AGXT2/BHMT2/ANXA1/PSAT1/DHFR/ALDOB",78,"BP"
"GO:0044283","small molecule biosynthetic process","50/1865","191/11749",0.261780104712042,1.64914447735216,3.92890677353292,0.000161610393545538,0.00584148113397326,0.00492409084257409,"CECR1/TPI1/CYLY/CBS/PDXK/RGNL/RGN/ASNS/TPK1/ABHD3/PYCRL/GNMT/MOXD1/PDSS2/COQ3/LGSN/HMGCLL1/CAD/PGK2/SRD5A3/CARNS1/NOXRED1/GCH1/ELOVL3/SCD/GOT1/ALDH18A1/CPS1/GLS2/COQ10B/GAD1/PHGDH/GLUL/ADAL/GATM/COQ9/GPI/FASN/PSPH/PARK7/WDTC1/G6PC3/GAMT/LOC107050163/BHMT2/RFKL/ANXA1/PSAT1/FBP2/DHFR",50,"BP"
"GO:0170033","L-amino acid metabolic process","29/1865","93/11749",0.311827956989247,1.96443252904379,4.05595916267707,0.000164549846575441,0.00584151955342817,0.0049241232283478,"TST/CYLY/CBS/P4HA3/ASNS/CRTAP/PYCRL/GNMT/LGSN/HMGCLL1/CAD/EGLN3/NOXRED1/C14orf159/GOT1/ALDH18A1/CPS1/GLS2/PHGDH/GLUL/HDC/GOT2/HPD/PRODH/PSPH/AGXT2/BHMT2/PSAT1/DHFR",29,"BP"
"GO:0006096","glycolytic process","11/1865","22/11749",0.5,3.14986595174263,4.38413862697245,0.000200789557679037,0.00645926297381866,0.00544485155899572,"BPGM/TPI1/PGK2/PGAM1/PKLR/GPI/GCK/PFKM/ALDOA/ALDOA/ALDOB",11,"BP"
"GO:0009137","purine nucleoside diphosphate catabolic process","11/1865","22/11749",0.5,3.14986595174263,4.38413862697245,0.000200789557679037,0.00645926297381866,0.00544485155899572,"BPGM/TPI1/PGK2/PGAM1/PKLR/GPI/GCK/PFKM/ALDOA/ALDOA/ALDOB",11,"BP"
"GO:0009181","purine ribonucleoside diphosphate catabolic process","11/1865","22/11749",0.5,3.14986595174263,4.38413862697245,0.000200789557679037,0.00645926297381866,0.00544485155899572,"BPGM/TPI1/PGK2/PGAM1/PKLR/GPI/GCK/PFKM/ALDOA/ALDOA/ALDOB",11,"BP"
"GO:0009191","ribonucleoside diphosphate catabolic process","11/1865","22/11749",0.5,3.14986595174263,4.38413862697245,0.000200789557679037,0.00645926297381866,0.00544485155899572,"BPGM/TPI1/PGK2/PGAM1/PKLR/GPI/GCK/PFKM/ALDOA/ALDOA/ALDOB",11,"BP"
"GO:0046032","ADP catabolic process","11/1865","22/11749",0.5,3.14986595174263,4.38413862697245,0.000200789557679037,0.00645926297381866,0.00544485155899572,"BPGM/TPI1/PGK2/PGAM1/PKLR/GPI/GCK/PFKM/ALDOA/ALDOA/ALDOB",11,"BP"
"GO:0040007","growth","23/1865","68/11749",0.338235294117647,2.13079167323766,4.06211360233653,0.000201445827151286,0.00645926297381866,0.00544485155899572,"SEMA3D/SEMA3A/SEMA3E/SEMA3C/TMEM108/NRN1/SEMA5A/LOC426385/IGFBP7/KAZALD1/SEMA5B/APOD/SEMA7A/NRN1L/MUSTN1/SEMA3DL/SEMA3B/NINJ1/DBN1/NGF/STK11/HOMER3/ANXA1",23,"BP"
"GO:0043436","oxoacid metabolic process","78/1865","335/11749",0.232835820895522,1.4668032491697,3.76523735187692,0.000215823828740424,0.00671317478403926,0.00565888714189903,"TST/BPGM/LDHB/TPI1/CYLY/CBS/RGNL/RGN/CRYL1/P4HA3/ASNS/HIBADH/GADL1/CRTAP/DSEL/ABHD3/PYCRL/GNMT/ME1/LGSN/HMGCLL1/CAD/PGK2/TDO2/CARNS1/TPH1/LDHA/EGLN3/ACSS1B/NOXRED1/C14orf159/ELOVL3/SCD/GOT1/HOGA1/PGAM1/AS3MT/ALDH18A1/CPS1/GLS2/GAD1/PHGDH/GLUL/NPL/DDAH1/VDHAP/FAAH/CPT2/EHHADH/CYP2AB2/PKLR/HDC/GATM/GOT2/GPI/ACSL6/ABAT/HPD/DAO/PRODH/FASN/MDH2/PSPH/ACOT8/PARK7/GCK/WDTC1/GAMT/LOC107050163/PFKM/ALDOA/ALDOA/AGXT2/BHMT2/ANXA1/PSAT1/DHFR/ALDOB",78,"BP"
"GO:0009144","purine nucleoside triphosphate metabolic process","21/1865","60/11749",0.35,2.20490616621984,4.06438828997292,0.000219495151389614,0.00671317478403926,0.00565888714189903,"BPGM/TPI1/ATP5J/FAM173B/PGK2/PGAM1/PKLR/GPI/ATP5J2/FAM173A/NME3/AK1/NME1/GCK/LOC776719/ATP5G2/PFKM/ATP5B/ALDOA/ALDOA/ALDOB",21,"BP"
"GO:0009199","ribonucleoside triphosphate metabolic process","21/1865","60/11749",0.35,2.20490616621984,4.06438828997292,0.000219495151389614,0.00671317478403926,0.00565888714189903,"BPGM/TPI1/ATP5J/FAM173B/PGK2/PGAM1/PKLR/GPI/ATP5J2/FAM173A/NME3/AK1/NME1/GCK/LOC776719/ATP5G2/PFKM/ATP5B/ALDOA/ALDOA/ALDOB",21,"BP"
"GO:0030335","positive regulation of cell migration","20/1865","56/11749",0.357142857142857,2.24990425124473,4.07251603070884,0.000225535187024489,0.00679339320916189,0.00572650746001574,"SEMA3D/SEMA3A/SEMA3E/SEMA3C/PDGFB/SEMA5A/KIT/CXCL12/SEMA5B/SEMA7A/SEMA3DL/SEMA3B/PDGFRB/NSMF/PDPN/PTP4A2/MADCAM1/HOMER3/ARHGEF39/ANXA1",20,"BP"
"GO:1901605","alpha-amino acid metabolic process","33/1865","113/11749",0.292035398230089,1.83974471517711,3.89618583807608,0.000243081801627497,0.0072126361438129,0.00607990931957542,"TST/CYLY/CBS/P4HA3/ASNS/HIBADH/CRTAP/PYCRL/GNMT/LGSN/HMGCLL1/CAD/TDO2/EGLN3/NOXRED1/C14orf159/GOT1/ALDH18A1/CPS1/GLS2/PHGDH/GLUL/DDAH1/HDC/GOT2/HPD/DAO/PRODH/PSPH/AGXT2/BHMT2/PSAT1/DHFR",33,"BP"
"GO:0010721","negative regulation of cell development","12/1865","26/11749",0.461538461538462,2.90756857083935,4.22963088349064,0.00026871668432104,0.00783544126896873,0.00660490442666431,"SEMA3D/SEMA3A/SEMA3E/SEMA3C/SEMA5A/CTLA4/SEMA5B/SEMA7A/SEMA3DL/SEMA3B/HOMER3/ANXA1",12,"BP"
"GO:0001525","angiogenesis","22/1865","65/11749",0.338461538461538,2.13221695194886,3.97599267671762,0.000272093986322428,0.00783544126896873,0.00660490442666431,"CALD1/LECT1/NRP1/RECK/SOX17/ANGPT1/MEIS1/ISM1/VASH2/ANGPT2/TNMD/THBS1/COL6A1/NRP2/ECSCR/PDGFRB/SERPINF1/TBX4/ADGRA2/JAM3/PTPRVP/ANXA1",22,"BP"
"GO:1990138","neuron projection extension","15/1865","37/11749",0.405405405405405,2.55394536627781,4.11221766709865,0.00027854279982477,0.00783544126896873,0.00660490442666431,"SEMA3D/SEMA3A/SEMA3E/SEMA3C/TMEM108/NRN1/SEMA5A/LOC426385/SEMA5B/SEMA7A/NRN1L/SEMA3DL/SEMA3B/DBN1/HOMER3",15,"BP"
"GO:0051239","regulation of multicellular organismal process","75/1865","322/11749",0.232919254658385,1.46732885950743,3.6935113858248,0.000279837188177455,0.00783544126896873,0.00660490442666431,"SEMA3D/SEMA3A/SEMA3E/SEMA3C/TNFRSF13C/LRTM2/PTPRO/PDE3A/PTHLH/CLSTN3/CD200L/CD88/CHODL/KCNE1/LECT1/PANX1/KCNH2/MTURN/SEMA5A/CD226/DLGAP1/ISM1/CST7/VASH2/VIP/PLN/DLGAP2/FKBP1B/TNMD/ANXA5/CD38/ADRA2C/CD5/THBS1/BEGAIN/ICOS/CTLA4/SEMA5B/CLSTN2/KCNE4/HES1/LOC101748152/SEMA7A/SEMA3DL/SEMA3B/PLXND1/ECSCR/ADRB2/DBN1/PATZ1/NF2L/SERPINF1/EVI2B/SMTNL2/MAFB/LAMA5/LOC107054855/PLA2G2E/PLA2G5/PDPN/ADRA1A/EDN2/DLGAP3/ZBTB32/ECM1/TNNT2/LOC121107612/PLXNA2/PTPN22/NGF/KCNH6/HOMER3/GDNF/PDE4D/ANXA1",75,"BP"
"GO:0009150","purine ribonucleotide metabolic process","33/1865","114/11749",0.289473684210526,1.82360660364047,3.83834555662837,0.000290882730383178,0.00803159538891329,0.00677025302295349,"BPGM/TPI1/ATP5J/GART-B/GART/FAM173B/ADCY3/PGK2/GUCY1B3/AMPD3/ADSS1/PGAM1/ADCY6/GUCY1B4/NPPC/PKLR/GPI/ATP5J2/FAM173A/NME3/AK1/NME1/GCK/LOC776719/AMPD1/ATP5G2/PFKM/ATP5B/ALDOA/ALDOA/NPR2/PDE4D/ALDOB",33,"BP"
"GO:0048513","animal organ development","76/1865","328/11749",0.231707317073171,1.45969397763683,3.6678256971979,0.000302768259115641,0.00808942419609406,0.00681899995773682,"SEMA3D/SEMA3A/SEMA3E/SEMA3C/NRCAM/AMIGO2/PTPRO/LOC101750972/PTHLH/MFAP5/NHS/FGF14/DCLK1/TGFBR2/TBX20/SEMA5A/FHOD3/ASXL3/SOX17/FSHR/MEIS1/BFSP1/GREM2/TBXT/SYNJ2/ADGRG6/MYO6/LOC121113198/FHL1/FGF13/DCX/HAND2/ADGRL3/FGF2/PDLIM5/PDGFRA/MYOD1/GREM1/LDB3/PDLIM1/EMX2/FN1/HOXD9/SEMA5B/LHX8/APOD/FGF12/B3GNT5/ALPK3/SEMA7A/NRG4/FBXO22/DNAAF4/FGF7/MUSTN1/SEMA3DL/SEMA3B/LOC107054425/PDLIM4/SOX8/MYL2/CRYBB1/TBX5/MFAP2/PDPN/ECM1/MYOG/LOC121107612/NFASC/PHOSPHO1/TCAP/HOMER3/HOXC9/LOC431653/GDNF/ANXA1",76,"BP"
"GO:0016051","carbohydrate biosynthetic process","17/1865","45/11749",0.377777777777778,2.37989871909443,4.02848110017247,0.000305184514440168,0.00808942419609406,0.00681899995773682,"PPP1R3A/TPI1/RGNL/RGN/CHST9/HAS2/GNMT/PGK2/NDST3/PPP1R3C/AGL/PASK/GPI/PHKG1/PPP1R3D/G6PC3/FBP2",17,"BP"
"GO:1901607","alpha-amino acid biosynthetic process","17/1865","45/11749",0.377777777777778,2.37989871909443,4.02848110017247,0.000305184514440168,0.00808942419609406,0.00681899995773682,"CYLY/CBS/ASNS/PYCRL/LGSN/CAD/NOXRED1/GOT1/ALDH18A1/CPS1/GLS2/PHGDH/GLUL/PSPH/BHMT2/PSAT1/DHFR",17,"BP"
"GO:0009135","purine nucleoside diphosphate metabolic process","11/1865","23/11749",0.478260869565217,3.0129152581886,4.19729489994513,0.000329890967650658,0.00830156004670262,0.00699782039306925,"BPGM/TPI1/PGK2/PGAM1/PKLR/GPI/GCK/PFKM/ALDOA/ALDOA/ALDOB",11,"BP"
"GO:0009179","purine ribonucleoside diphosphate metabolic process","11/1865","23/11749",0.478260869565217,3.0129152581886,4.19729489994513,0.000329890967650658,0.00830156004670262,0.00699782039306925,"BPGM/TPI1/PGK2/PGAM1/PKLR/GPI/GCK/PFKM/ALDOA/ALDOA/ALDOB",11,"BP"
"GO:0019364","pyridine nucleotide catabolic process","11/1865","23/11749",0.478260869565217,3.0129152581886,4.19729489994513,0.000329890967650658,0.00830156004670262,0.00699782039306925,"BPGM/TPI1/PGK2/PGAM1/PKLR/GPI/GCK/PFKM/ALDOA/ALDOA/ALDOB",11,"BP"
"GO:0046031","ADP metabolic process","11/1865","23/11749",0.478260869565217,3.0129152581886,4.19729489994513,0.000329890967650658,0.00830156004670262,0.00699782039306925,"BPGM/TPI1/PGK2/PGAM1/PKLR/GPI/GCK/PFKM/ALDOA/ALDOA/ALDOB",11,"BP"
"GO:0044057","regulation of system process","22/1865","66/11749",0.333333333333333,2.09991063449508,3.89230800214583,0.000347796636491263,0.00864274641680788,0.0072854242801854,"PTPRO/KCNE1/KCNH2/DLGAP1/CST7/VIP/PLN/DLGAP2/FKBP1B/ADRA2C/BEGAIN/KCNE4/LOC101748152/ADRB2/SMTNL2/LOC107054855/ADRA1A/EDN2/DLGAP3/TNNT2/KCNH6/PDE4D",22,"BP"
"GO:0006082","organic acid metabolic process","80/1865","351/11749",0.227920227920228,1.43583633127869,3.60095488849858,0.000368564495957849,0.0088041066883954,0.0074214433167031,"TST/BPGM/LDHB/TPI1/CYLY/CBS/RGNL/RGN/CRYL1/P4HA3/ASNS/HIBADH/GADL1/CRTAP/DSEL/ABHD3/PYCRL/GNMT/ME1/LGSN/HMGCLL1/CAD/PGK2/TDO2/CYP2U1/CARNS1/CYP2R1/TPH1/LDHA/EGLN3/ACSS1B/NOXRED1/C14orf159/ELOVL3/SCD/GOT1/HOGA1/PGAM1/AS3MT/ALDH18A1/CPS1/GLS2/GAD1/PHGDH/GLUL/NPL/DDAH1/VDHAP/FAAH/CPT2/EHHADH/CYP2AB2/PKLR/HDC/GATM/GOT2/GPI/ACSL6/ABAT/HPD/DAO/PRODH/FASN/MDH2/PSPH/ACOT8/PARK7/GCK/WDTC1/GAMT/LOC107050163/PFKM/ALDOA/ALDOA/AGXT2/BHMT2/ANXA1/PSAT1/DHFR/ALDOB",80,"BP"
"GO:0048589","developmental growth","20/1865","58/11749",0.344827586206897,2.1723213460294,3.88767416006419,0.00038556712616263,0.0088041066883954,0.0074214433167031,"SEMA3D/SEMA3A/SEMA3E/SEMA3C/TMEM108/NRN1/SEMA5A/LOC426385/SEMA5B/APOD/SEMA7A/NRN1L/MUSTN1/SEMA3DL/SEMA3B/NINJ1/DBN1/NGF/HOMER3/ANXA1",20,"BP"
"GO:0030517","negative regulation of axon extension","10/1865","20/11749",0.5,3.14986595174263,4.17975576050932,0.000394147633434201,0.0088041066883954,0.0074214433167031,"SEMA3D/SEMA3A/SEMA3E/SEMA3C/SEMA5A/SEMA5B/SEMA7A/SEMA3DL/SEMA3B/HOMER3",10,"BP"
"GO:0048841","regulation of axon extension involved in axon guidance","10/1865","20/11749",0.5,3.14986595174263,4.17975576050932,0.000394147633434201,0.0088041066883954,0.0074214433167031,"SEMA3D/SEMA3A/SEMA3E/SEMA3C/SEMA5A/SEMA5B/SEMA7A/SEMA3DL/SEMA3B/HOMER3",10,"BP"
"GO:0048843","negative regulation of axon extension involved in axon guidance","10/1865","20/11749",0.5,3.14986595174263,4.17975576050932,0.000394147633434201,0.0088041066883954,0.0074214433167031,"SEMA3D/SEMA3A/SEMA3E/SEMA3C/SEMA5A/SEMA5B/SEMA7A/SEMA3DL/SEMA3B/HOMER3",10,"BP"
"GO:0048846","axon extension involved in axon guidance","10/1865","20/11749",0.5,3.14986595174263,4.17975576050932,0.000394147633434201,0.0088041066883954,0.0074214433167031,"SEMA3D/SEMA3A/SEMA3E/SEMA3C/SEMA5A/SEMA5B/SEMA7A/SEMA3DL/SEMA3B/HOMER3",10,"BP"
"GO:0050771","negative regulation of axonogenesis","10/1865","20/11749",0.5,3.14986595174263,4.17975576050932,0.000394147633434201,0.0088041066883954,0.0074214433167031,"SEMA3D/SEMA3A/SEMA3E/SEMA3C/SEMA5A/SEMA5B/SEMA7A/SEMA3DL/SEMA3B/HOMER3",10,"BP"
"GO:0050922","negative regulation of chemotaxis","10/1865","20/11749",0.5,3.14986595174263,4.17975576050932,0.000394147633434201,0.0088041066883954,0.0074214433167031,"SEMA3D/SEMA3A/SEMA3E/SEMA3C/SEMA5A/SEMA5B/SEMA7A/SEMA3DL/SEMA3B/HOMER3",10,"BP"
"GO:1902284","neuron projection extension involved in neuron projection guidance","10/1865","20/11749",0.5,3.14986595174263,4.17975576050932,0.000394147633434201,0.0088041066883954,0.0074214433167031,"SEMA3D/SEMA3A/SEMA3E/SEMA3C/SEMA5A/SEMA5B/SEMA7A/SEMA3DL/SEMA3B/HOMER3",10,"BP"
"GO:0001568","blood vessel development","23/1865","71/11749",0.323943661971831,2.04075822225579,3.82076043714421,0.000411547050444143,0.00885573460483016,0.00746496319543028,"CALD1/LECT1/NRP1/TBX20/RECK/SOX17/ANGPT1/MEIS1/ISM1/VASH2/ANGPT2/TNMD/THBS1/COL6A1/NRP2/ECSCR/PDGFRB/SERPINF1/TBX4/ADGRA2/JAM3/PTPRVP/ANXA1",23,"BP"
"GO:0048514","blood vessel morphogenesis","23/1865","71/11749",0.323943661971831,2.04075822225579,3.82076043714421,0.000411547050444143,0.00885573460483016,0.00746496319543028,"CALD1/LECT1/NRP1/TBX20/RECK/SOX17/ANGPT1/MEIS1/ISM1/VASH2/ANGPT2/TNMD/THBS1/COL6A1/NRP2/ECSCR/PDGFRB/SERPINF1/TBX4/ADGRA2/JAM3/PTPRVP/ANXA1",23,"BP"
"GO:0061387","regulation of extent of cell growth","12/1865","27/11749",0.444444444444444,2.79988084599345,4.06705267711573,0.000414277323062981,0.00885573460483016,0.00746496319543028,"SEMA3D/SEMA3A/SEMA3E/SEMA3C/SEMA5A/SEMA5B/SEMA7A/SEMA3DL/SEMA3B/DBN1/NGF/HOMER3",12,"BP"
"GO:0071526","semaphorin-plexin signaling pathway","12/1865","27/11749",0.444444444444444,2.79988084599345,4.06705267711573,0.000414277323062981,0.00885573460483016,0.00746496319543028,"SEMA3D/SEMA3A/SEMA3E/SEMA3C/SEMA5A/SEMA5B/SEMA7A/SEMA3DL/SEMA3B/PLXND1/PLXNA2/HOMER3",12,"BP"
"GO:0005975","carbohydrate metabolic process","55/1865","224/11749",0.245535714285714,1.54680917273075,3.58917266912936,0.000458619064263226,0.00969930531654567,0.00817605319492784,"PPP1R3A/OTOGL/BPGM/ST8SIA1/GAPDH/TPI1/LANCL3/GK2/RGNL/RGN/CHST7/PGM2L1/ST8SIA6/CHST9/HAS2/GNMT/PHKA1/PGK2/NDST3/LOC428824/CHST1/GANC/CHST3/PPP1R3C/PGAM1/PDK1/GPD1L2/AMY2A/AGL/ST6GALNAC3/PGM1/PASK/GK5/PKLR/HEXA/ADPGK/ST8SIA2/PHKB/GPI/ST6GALNAC4/DCXR/PHKG1/PPP1R3D/GCK/G6PC3/DHDH/GPD1/PFKM/ALDOA/ALDOA/LOC431653/PGM5/FBP2/ALDOB/PFKFB1",55,"BP"
"GO:0040012","regulation of locomotion","33/1865","117/11749",0.282051282051282,1.77684745995738,3.66822953097248,0.000488283060650531,0.0101578242074519,0.0085625628180999,"SEMA3D/SEMA3A/SEMA3E/SEMA3C/SRGAP1/PDGFB/FGF14/CFAP69/SEMA5A/FGF13/FGF2/KIT/CHRM4/CXCL12/SEMA5B/FGF12/SEMA7A/FGF7/SEMA3DL/SEMA3B/SRGAP3/PLXND1/PDGFRB/NSMF/LAMA5/PDPN/TACR1/PTP4A2/PLXNA2/MADCAM1/HOMER3/ARHGEF39/ANXA1",33,"BP"
"GO:0035295","tube development","26/1865","85/11749",0.305882352941176,1.92697681753667,3.72571473273189,0.000490518674001703,0.0101578242074519,0.0085625628180999,"CALD1/LECT1/NRP1/TBX20/RECK/SOX17/ANGPT1/MEIS1/ISM1/VASH2/ANGPT2/TNMD/THBS1/COL6A1/NRP2/FGF7/ECSCR/PDGFRB/SERPINF1/TBX4/PDPN/ADGRA2/JAM3/PTPRVP/GDNF/ANXA1",26,"BP"
"GO:0072526","pyridine-containing compound catabolic process","11/1865","24/11749",0.458333333333333,2.88737712243074,4.02034108675729,0.000522187178192098,0.0107021454664525,0.00902139975780597,"BPGM/TPI1/PGK2/PGAM1/PKLR/GPI/GCK/PFKM/ALDOA/ALDOA/ALDOB",11,"BP"
"GO:0030029","actin filament-based process","72/1865","313/11749",0.230031948881789,1.4491396071915,3.49841614747983,0.000537663384535321,0.0109068858005737,0.00919398612438487,"HCLS1/LMOD2/TRIOBP/MTPN/IQSEC3/CALD1/PARVB/KCNE1/SHROOM2/DIAPH3/PAK1/MYO1G/VILL/FAM171A1/FHOD3/EPB41L3/RHPN1/ENAH/MYO6/TP53I3/PLS3/PDLIM5/DLC1/CSRP3/GAS2/PARVA/LPXN/SMTNL1/SPTBN5/ACTC1/LDB3/PDLIM1/ADD3/PPP1R19L/ERMN/KCNE4/TPM1/MYO1E/MYO5A/CORO2B/RLTPR/IQSEC1/LMOD3/DBN1/CYFIP2/PDLIM4/DPYSL3/FSCN1/CIT/SMTN/LOC427783/GAS7/ALKBH4/GAS2L2/SMTNL2/ARHGAP40/ESPN/PDPN/CAPG/FHL3/LOC419677/TPM3/HAX1/TMOD4/TNNT2/TCAP/MYO1A/TPM2/PDE4D/PGM5/ANXA1/TMOD1",72,"BP"
"GO:0006119","oxidative phosphorylation","16/1865","43/11749",0.372093023255814,2.34408628966893,3.83541301495566,0.000555755670937538,0.0111600229679174,0.00940736872017608,"NDUFC2/CYCS/FAM173B/NDUFS6/COX7B/UQCRFS1/UQCRQ/ATP5J2/FAM173A/UQCR10/SDHD/SDHC/NDUFA7/UQCR11/ATP5B/COX7C",16,"BP"
"GO:0035239","tube morphogenesis","24/1865","77/11749",0.311688311688312,1.96355280108631,3.68470955065984,0.000588225244603974,0.011693917862727,0.0098574167306266,"CALD1/LECT1/NRP1/TBX20/RECK/SOX17/ANGPT1/MEIS1/ISM1/VASH2/ANGPT2/TNMD/THBS1/COL6A1/NRP2/ECSCR/PDGFRB/SERPINF1/TBX4/ADGRA2/JAM3/PTPRVP/GDNF/ANXA1",24,"BP"
"GO:0009259","ribonucleotide metabolic process","34/1865","123/11749",0.276422764227642,1.74138930665446,3.59036608432254,0.000604010977646478,0.0118888497382297,0.0100217350329671,"BPGM/TPI1/ATP5J/GART-B/GART/FAM173B/ADCY3/PGK2/GUCY1B3/AMPD3/ADSS1/PGAM1/ADCY6/GUCY1B4/NPPC/PKLR/GPI/ATP5J2/FAM173A/NME3/AK1/NME1/GCK/LOC776719/AMPD1/ATP5G2/PFKM/ATP5B/ALDOA/ALDOA/NPR2/PDE4D/RFKL/ALDOB",34,"BP"
"GO:0006941","striated muscle contraction","12/1865","28/11749",0.428571428571429,2.69988510149368,3.91175160026333,0.000621081433288904,0.011896486649368,0.0100281725859335,"KCNE1/STAC/FKBP1B/CSRP3/KCNE4/LOC101748152/TPM1/MYL2/ADRA1A/TNNT2/TCAP/PDE4D",12,"BP"
"GO:0055002","striated muscle cell development","12/1865","28/11749",0.428571428571429,2.69988510149368,3.91175160026333,0.000621081433288904,0.011896486649368,0.0100281725859335,"LMOD2/FHOD3/CSRP3/ALPK3/FBXO22/LMOD3/TMOD4/TNNT2/TCAP/LOC431653/PGM5/TMOD1",12,"BP"
"GO:0071805","potassium ion transmembrane transport","29/1865","100/11749",0.29,1.82692225201072,3.60724279555736,0.000639323797788316,0.011896486649368,0.0100281725859335,"KCND2/KCNC2/WNK1/KCNA6/KCNA5/KCNE1/KCNH2/KCNK2/KCNH1/KCNF1/KCNS3/KCNK3/PKD2/KCNK10/KCNIP2/KCNH7/KCNE4/SLC12A9/KCNAB1/KCNG4/KCNJ12/SLC12A5/KCNC4/KCNA3/KCND3/KCNH6/LOC429785/LOC107055327/TMEM38B",29,"BP"
"GO:0045333","cellular respiration","23/1865","73/11749",0.315068493150685,1.9848470380844,3.66638602321309,0.0006410339963152,0.011896486649368,0.0100281725859335,"SUCLA2/NDUFC2/CYCS/FAM173B/NDUFS6/COX7B/SUCLG1/SLC25A22/OGDHL/COQ10B/SLC25A12/UQCRFS1/UQCRQ/ATP5J2/FAM173A/UQCR10/MDH2/SDHD/SDHC/NDUFA7/UQCR11/ATP5B/COX7C",23,"BP"
"GO:0050768","negative regulation of neurogenesis","10/1865","21/11749",0.476190476190476,2.99987233499298,3.98432686769703,0.00064596639710188,0.011896486649368,0.0100281725859335,"SEMA3D/SEMA3A/SEMA3E/SEMA3C/SEMA5A/SEMA5B/SEMA7A/SEMA3DL/SEMA3B/HOMER3",10,"BP"
"GO:0051961","negative regulation of nervous system development","10/1865","21/11749",0.476190476190476,2.99987233499298,3.98432686769703,0.00064596639710188,0.011896486649368,0.0100281725859335,"SEMA3D/SEMA3A/SEMA3E/SEMA3C/SEMA5A/SEMA5B/SEMA7A/SEMA3DL/SEMA3B/HOMER3",10,"BP"
"GO:2000145","regulation of cell motility","32/1865","114/11749",0.280701754385965,1.76834579746954,3.58080746880306,0.000646288007108526,0.011896486649368,0.0100281725859335,"SEMA3D/SEMA3A/SEMA3E/SEMA3C/SRGAP1/PDGFB/FGF14/CFAP69/SEMA5A/FGF13/FGF2/KIT/CXCL12/SEMA5B/FGF12/SEMA7A/FGF7/SEMA3DL/SEMA3B/SRGAP3/PLXND1/PDGFRB/NSMF/LAMA5/PDPN/TACR1/PTP4A2/PLXNA2/MADCAM1/HOMER3/ARHGEF39/ANXA1",32,"BP"
"GO:0060047","heart contraction","14/1865","36/11749",0.388888888888889,2.44989574024427,3.784504023446,0.000729941270607735,0.0133130573024603,0.0112222742907534,"KCNE1/KCNH2/PLN/FKBP1B/CSRP3/ACTC1/KCNE4/TPM1/MYL2/ADRA1A/TNNT2/KCNH6/TCAP/PDE4D",14,"BP"
"GO:0050852","T cell receptor signaling pathway","9/1865","18/11749",0.5,3.14986595174263,3.9649264496211,0.000776876786055125,0.0140402822788872,0.0118352903674618,"TRAT1/UBASH3A/CD226/CTLA4/ITK/LIME1/PTPN22/PRAM1/FYB1",9,"BP"
"GO:0001944","vasculature development","23/1865","74/11749",0.310810810810811,1.95802478081298,3.59103118662258,0.000792669612089938,0.0140692740194748,0.0118597290262649,"CALD1/LECT1/NRP1/TBX20/RECK/SOX17/ANGPT1/MEIS1/ISM1/VASH2/ANGPT2/TNMD/THBS1/COL6A1/NRP2/ECSCR/PDGFRB/SERPINF1/TBX4/ADGRA2/JAM3/PTPRVP/ANXA1",23,"BP"
"GO:0009185","ribonucleoside diphosphate metabolic process","11/1865","25/11749",0.44,2.77188203753351,3.85231616954614,0.000799712255634131,0.0140692740194748,0.0118597290262649,"BPGM/TPI1/PGK2/PGAM1/PKLR/GPI/GCK/PFKM/ALDOA/ALDOA/ALDOB",11,"BP"
"GO:0030516","regulation of axon extension","11/1865","25/11749",0.44,2.77188203753351,3.85231616954614,0.000799712255634131,0.0140692740194748,0.0118597290262649,"SEMA3D/SEMA3A/SEMA3E/SEMA3C/SEMA5A/SEMA5B/SEMA7A/SEMA3DL/SEMA3B/DBN1/HOMER3",11,"BP"
"GO:0019693","ribose phosphate metabolic process","35/1865","130/11749",0.269230769230769,1.69608166632295,3.46659027410347,0.000854211763312698,0.0144032697934526,0.0121412715827473,"BPGM/TPI1/ATP5J/GART-B/GART/FAM173B/ADCY3/PRPS1L1/PGK2/GUCY1B3/AMPD3/ADSS1/PGAM1/ADCY6/GUCY1B4/NPPC/PKLR/GPI/ATP5J2/FAM173A/NME3/AK1/NME1/GCK/LOC776719/AMPD1/ATP5G2/PFKM/ATP5B/ALDOA/ALDOA/NPR2/PDE4D/RFKL/ALDOB",35,"BP"
"GO:0034097","response to cytokine","35/1865","130/11749",0.269230769230769,1.69608166632295,3.46659027410347,0.000854211763312698,0.0144032697934526,0.0121412715827473,"TNFRSF13C/IL2RB/ADIPOR2/LAG3/CD4/LOC418667/CRLF2/IL18RAP/IL13RA2/CXCL13/CXCL13L2/CXCL13L3/KIT/CXCL12/STAT4/SELP/SELE/LEPR/IL12RB2/CCL17/MAPKAPK3/IL21R/IL9R/CCL5/CCLI5/CCL1/MAPKAPK2/JAK3/IL11RA/CCL19/LOC100857191/PRLR/GHR/LOC101749460/ANXA1",35,"BP"
"GO:1901652","response to peptide","35/1865","130/11749",0.269230769230769,1.69608166632295,3.46659027410347,0.000854211763312698,0.0144032697934526,0.0121412715827473,"TNFRSF13C/IL2RB/ADIPOR2/LAG3/CD4/LOC418667/CRLF2/IL18RAP/IL13RA2/CXCL13/CXCL13L2/CXCL13L3/KIT/CXCL12/STAT4/SELP/SELE/LEPR/IL12RB2/CCL17/MAPKAPK3/IL21R/IL9R/CCL5/CCLI5/CCL1/MAPKAPK2/JAK3/IL11RA/CCL19/LOC100857191/PRLR/GHR/LOC101749460/ANXA1",35,"BP"
"GO:0016053","organic acid biosynthetic process","31/1865","111/11749",0.279279279279279,1.75938458565804,3.49171757591357,0.000854922452528875,0.0144032697934526,0.0121412715827473,"CYLY/CBS/RGNL/RGN/ASNS/ABHD3/PYCRL/LGSN/CAD/CARNS1/NOXRED1/ELOVL3/SCD/GOT1/ALDH18A1/CPS1/GLS2/GAD1/PHGDH/GLUL/GATM/FASN/PSPH/PARK7/WDTC1/GAMT/LOC107050163/BHMT2/ANXA1/PSAT1/DHFR",31,"BP"
"GO:0046394","carboxylic acid biosynthetic process","31/1865","111/11749",0.279279279279279,1.75938458565804,3.49171757591357,0.000854922452528875,0.0144032697934526,0.0121412715827473,"CYLY/CBS/RGNL/RGN/ASNS/ABHD3/PYCRL/LGSN/CAD/CARNS1/NOXRED1/ELOVL3/SCD/GOT1/ALDH18A1/CPS1/GLS2/GAD1/PHGDH/GLUL/GATM/FASN/PSPH/PARK7/WDTC1/GAMT/LOC107050163/BHMT2/ANXA1/PSAT1/DHFR",31,"BP"
"GO:1902475","L-alpha-amino acid transmembrane transport","8/1865","15/11749",0.533333333333333,3.35985701519214,3.97249442039926,0.000893207949528466,0.0149157634885139,0.0125732793994038,"SLC1A4/SLC25A22/SLC1A2/SLC25A29/SLC25A12/SLC6A9/SLC1A6/SLC1A1",8,"BP"
"GO:0048762","mesenchymal cell differentiation","12/1865","29/11749",0.413793103448276,2.60678561523528,3.76312068696417,0.00090785079583007,0.0149157634885139,0.0125732793994038,"SEMA3D/SEMA3A/SEMA3E/SEMA3C/SEMA5A/SEMA5B/SEMA7A/SEMA3DL/SEMA3B/SOX8/PDPN/HOMER3",12,"BP"
"GO:0060485","mesenchyme development","12/1865","29/11749",0.413793103448276,2.60678561523528,3.76312068696417,0.00090785079583007,0.0149157634885139,0.0125732793994038,"SEMA3D/SEMA3A/SEMA3E/SEMA3C/SEMA5A/SEMA5B/SEMA7A/SEMA3DL/SEMA3B/SOX8/PDPN/HOMER3",12,"BP"
"GO:0048870","cell motility","69/1865","303/11749",0.227722772277228,1.43459241366496,3.32913650547082,0.000927760557375987,0.0150872449856895,0.0127178301478437,"SEMA3D/SEMA3A/SEMA3E/SEMA3C/RELN/LAMB1/LAMB4/SRGAP1/PDGFB/FGF14/ITGBL1/GPC6/DCLK1/CFAP69/SEMA5A/ENAH/SDC1/AvBD7/FGF13/DCX/CXCL13/CXCL13L2/CXCL13L3/FGF2/KIT/BDKRB1/CXCL12/ITGA6/SEMA5B/SELP/SELE/FGF12/SEMA7A/FGF7/CCL17/RLTPR/SEMA3DL/SEMA3B/SRGAP3/PLXND1/PDGFRB/FSCN1/NDE1/RHOF/SELPLG/NSMF/VAV2/ITGB4/CCL5/CCLI5/CCL1/LAMA5/CASS4/PDPN/TACR1/ASAP3/PTP4A2/S100A12/PLXNA2/TBX21/MADCAM1/APC2/HOMER3/LOC107049666/CCL19/LOC100857191/ARHGEF39/SPEF2/ANXA1",69,"BP"
"GO:0031589","cell-substrate adhesion","21/1865","66/11749",0.318181818181818,2.00446015110894,3.55453266964065,0.000940280718506779,0.0150872449856895,0.0127178301478437,"LAMB1/LAMB4/TRIOBP/PARVB/ABI3BP/ITGBL1/EPDR1/ITGA9/PARVA/ITGA6/LIMS2/SNED1/MUC4L/ITGA11/ECM2/ITGAD/ITGB4/PDPN/CD34/LOC107049666/LOC121108967",21,"BP"
"GO:0030178","negative regulation of Wnt signaling pathway","17/1865","49/11749",0.346938775510204,2.18562127263774,3.61248548419041,0.00095624537231998,0.0150872449856895,0.0127178301478437,"PTPRO/SHISA2/TPBGL/SOSTDC1/TMEM170B/TPBG/SFRP2/DKK2/DACT1/DKK4/TRABD2B/NKD1/SFRP1/LOC100857637/AES/APC2/DAB2",17,"BP"
"GO:0030334","regulation of cell migration","30/1865","107/11749",0.280373831775701,1.76627997293979,3.45876125389535,0.000959099324757946,0.0150872449856895,0.0127178301478437,"SEMA3D/SEMA3A/SEMA3E/SEMA3C/SRGAP1/PDGFB/FGF14/SEMA5A/FGF13/FGF2/KIT/CXCL12/SEMA5B/FGF12/SEMA7A/FGF7/SEMA3DL/SEMA3B/SRGAP3/PLXND1/PDGFRB/NSMF/LAMA5/PDPN/PTP4A2/PLXNA2/MADCAM1/HOMER3/ARHGEF39/ANXA1",30,"BP"
"GO:0009134","nucleoside diphosphate catabolic process","13/1865","33/11749",0.393939393939394,2.48171256803965,3.70242501630677,0.000973911773781934,0.0150872449856895,0.0127178301478437,"BPGM/TPI1/PGK2/ENTPD1/PGAM1/PKLR/GPI/ENTPD2L/GCK/PFKM/ALDOA/ALDOA/ALDOB",13,"BP"
"GO:0090090","negative regulation of canonical Wnt signaling pathway","13/1865","33/11749",0.393939393939394,2.48171256803965,3.70242501630677,0.000973911773781934,0.0150872449856895,0.0127178301478437,"PTPRO/TPBGL/TMEM170B/TPBG/SFRP2/DKK2/DACT1/DKK4/SFRP1/LOC100857637/AES/APC2/DAB2",13,"BP"
"GO:0050770","regulation of axonogenesis","16/1865","45/11749",0.355555555555556,2.23990467679476,3.61978200817601,0.000989547422369058,0.0150872449856895,0.0127178301478437,"SEMA3D/SEMA3A/SEMA3E/SEMA3C/CHODL/PAK1/SEMA5A/SEMA5B/SEMA7A/SEMA3DL/SEMA3B/PLXND1/DBN1/PLXNA2/NGF/HOMER3",16,"BP"
"GO:0003015","heart process","14/1865","37/11749",0.378378378378378,2.38368234185929,3.66164930590549,0.00100470555717128,0.0150872449856895,0.0127178301478437,"KCNE1/KCNH2/PLN/FKBP1B/CSRP3/ACTC1/KCNE4/TPM1/MYL2/ADRA1A/TNNT2/KCNH6/TCAP/PDE4D",14,"BP"
"GO:0008361","regulation of cell size","14/1865","37/11749",0.378378378378378,2.38368234185929,3.66164930590549,0.00100470555717128,0.0150872449856895,0.0127178301478437,"SEMA3D/SEMA3A/SEMA3E/SEMA3C/SEMA5A/SEMA5B/SLC12A9/SEMA7A/SEMA3DL/SEMA3B/DBN1/SLC12A5/NGF/HOMER3",14,"BP"
"GO:0009064","glutamine family amino acid metabolic process","10/1865","22/11749",0.454545454545455,2.86351450158421,3.8001931709725,0.00101694709662092,0.0150872449856895,0.0127178301478437,"PYCRL/LGSN/CAD/NOXRED1/C14orf159/ALDH18A1/CPS1/GLS2/GLUL/PRODH",10,"BP"
"GO:0010977","negative regulation of neuron projection development","10/1865","22/11749",0.454545454545455,2.86351450158421,3.8001931709725,0.00101694709662092,0.0150872449856895,0.0127178301478437,"SEMA3D/SEMA3A/SEMA3E/SEMA3C/SEMA5A/SEMA5B/SEMA7A/SEMA3DL/SEMA3B/HOMER3",10,"BP"
"GO:0030308","negative regulation of cell growth","10/1865","22/11749",0.454545454545455,2.86351450158421,3.8001931709725,0.00101694709662092,0.0150872449856895,0.0127178301478437,"SEMA3D/SEMA3A/SEMA3E/SEMA3C/SEMA5A/SEMA5B/SEMA7A/SEMA3DL/SEMA3B/HOMER3",10,"BP"
"GO:0060048","cardiac muscle contraction","10/1865","22/11749",0.454545454545455,2.86351450158421,3.8001931709725,0.00101694709662092,0.0150872449856895,0.0127178301478437,"KCNE1/FKBP1B/CSRP3/KCNE4/TPM1/MYL2/ADRA1A/TNNT2/TCAP/PDE4D",10,"BP"
"GO:0002376","immune system process","95/1865","444/11749",0.213963963963964,1.34791560997995,3.24627371341066,0.00106733656724166,0.0157175192272327,0.0132491213649023,"GRAMD4/TNFRSF13C/IL2RB/LAG3/CD4/TRAT1/CD200L/CD88/UBASH3A/TNFSF13B/C4A/ACKR2/CATH1/EOMES/MTURN/CCR8/CX3CR1/LY86/CD226/IL7/CST7/IRAK1BP1/TRIM35/TLR2A/CXCL13/CXCL13L2/CXCL13L3/KIT/CD38/CD5/APLNR/PAMR1/BDKRB1/CXCL12/ICOS/CTLA4/ITGA6/SELP/LOC107053928/SELE/MASP1/PTX3/SEMA7A/CCL17/MAPKAPK3/ITK/IRF1/IL21R/IL9R/SELPLG/VPREB3/PATZ1/LIF/MHCY36/MHCY14/MHCY11/MHCY7/MHCY4/MHCY35/BF1/PRF1/TNFSF8/CCL5/CCLI5/CCL1/EVI2B/MAFB/LIME1/IRF9/PLA2G2E/PLA2G5/GNLY/LCK/CRTAM/ZBTB32/CD3E/CD3D/LOC100857714/MAPKAPK2/IL10/C4BPS/PTPN22/TFEB/TBX21/CCR7/PRAM1/CACTIN/ZAP70/MADCAM1/LOC420160/CCL19/LOC100857191/FYB1/ANXA1/CR1",95,"BP"
"GO:0030036","actin cytoskeleton organization","68/1865","300/11749",0.226666666666667,1.42793923145666,3.26147437513905,0.00114547629601427,0.016744168209385,0.0141145376412904,"HCLS1/LMOD2/TRIOBP/MTPN/IQSEC3/CALD1/PARVB/SHROOM2/DIAPH3/PAK1/MYO1G/VILL/FAM171A1/FHOD3/EPB41L3/RHPN1/ENAH/MYO6/TP53I3/PLS3/PDLIM5/DLC1/CSRP3/GAS2/PARVA/LPXN/SMTNL1/SPTBN5/ACTC1/LDB3/PDLIM1/ADD3/PPP1R19L/ERMN/TPM1/MYO1E/MYO5A/CORO2B/RLTPR/IQSEC1/LMOD3/DBN1/CYFIP2/PDLIM4/DPYSL3/FSCN1/CIT/SMTN/LOC427783/GAS7/ALKBH4/GAS2L2/SMTNL2/ARHGAP40/ESPN/CAPG/FHL3/LOC419677/TPM3/HAX1/TMOD4/TNNT2/TCAP/MYO1A/TPM2/PGM5/ANXA1/TMOD1",68,"BP"
"GO:0060284","regulation of cell development","25/1865","85/11749",0.294117647058824,1.85286232455449,3.42783300237056,0.00117604564004965,0.0169418748725992,0.0142811949577348,"SEMA3D/SEMA3A/SEMA3E/SEMA3C/PDE3A/CHODL/MTURN/SEMA5A/CTLA4/SEMA5B/HES1/SEMA7A/FBXO22/SEMA3DL/SEMA3B/PLXND1/DBN1/NF2L/SERPINF1/EVI2B/MAFB/PLXNA2/NGF/HOMER3/ANXA1",25,"BP"
"GO:0170039","proteinogenic amino acid metabolic process","25/1865","85/11749",0.294117647058824,1.85286232455449,3.42783300237056,0.00117604564004965,0.0169418748725992,0.0142811949577348,"TST/CYLY/CBS/ASNS/PYCRL/LGSN/HMGCLL1/CAD/NOXRED1/C14orf159/GOT1/ALDH18A1/CPS1/GLS2/PHGDH/GLUL/HDC/GOT2/HPD/PRODH/PSPH/AGXT2/BHMT2/PSAT1/DHFR",25,"BP"
"GO:0009888","tissue development","39/1865","152/11749",0.256578947368421,1.61637858049951,3.32239697250598,0.00122252454064553,0.0174847394734052,0.0147388040038447,"SEMA3D/SEMA3A/SEMA3E/SEMA3C/PTPRO/LOC101750972/PTHLH/SCEL/EOMES/TBX20/SEMA5A/FHOD3/BFSP1/TBXT/MYO6/INTU/CSRP3/DUSP5/COL6A1/SEMA5B/NR5A2/ALPK3/SEMA7A/FBXO22/MUSTN1/SEMA3DL/SEMA3B/SOX8/PDPN/VANGL2/ECM1/LOC121107612/PHOSPHO1/TCAP/HOMER3/LOC431653/GDNF/PGM5/ANXA1",39,"BP"
"GO:0007156","homophilic cell adhesion via plasma membrane adhesion molecules","33/1865","123/11749",0.268292682926829,1.6901719741058,3.34233313852516,0.00126195461935429,0.0178984847737856,0.0150875716191183,"CLSTN3/IGSF11/ROBO1/FAT3/DCHS1/CDH6/CDH7/LOC414835/PCDH19/PCDH11X/PCDH18/FAT4/FAT1/RET/CDH23/HMCN1/CLSTN2/CDH11/CDH8/CHL1/PCDHAC1/PCDHAC2/LOC107056903/LOC107054467/PCDHGC3/PCDHGC5/PCDH1/PCDH12/MYOT/CADM3/EMB/NTRK2/LOC121108945",33,"BP"
"GO:0032535","regulation of cellular component size","29/1865","104/11749",0.278846153846154,1.75665601154877,3.3666690669284,0.0012694599361689,0.0178984847737856,0.0150875716191183,"HCLS1/SEMA3D/SEMA3A/SEMA3E/SEMA3C/LMOD2/MTPN/VILL/SEMA5A/TP53I3/ADD3/SEMA5B/SLC12A9/SEMA7A/PEX11A/SEMA3DL/SEMA3B/LMOD3/DBN1/CYFIP2/ARHGAP40/SLC12A5/CAPG/LOC419677/HAX1/TMOD4/NGF/HOMER3/TMOD1",29,"BP"
"GO:0051146","striated muscle cell differentiation","12/1865","30/11749",0.4,2.5198927613941,3.62062307973642,0.0012968204853713,0.0181554867951982,0.0153042121031216,"LMOD2/FHOD3/CSRP3/ALPK3/FBXO22/LMOD3/TMOD4/TNNT2/TCAP/LOC431653/PGM5/TMOD1",12,"BP"
"GO:0046364","monosaccharide biosynthetic process","8/1865","16/11749",0.5,3.14986595174263,3.73784988937429,0.00153901792161353,0.0213358208381409,0.0179850824813726,"TPI1/RGNL/RGN/GNMT/PGK2/GPI/G6PC3/FBP2",8,"BP"
"GO:0048640","negative regulation of developmental growth","10/1865","23/11749",0.434782608695652,2.73901387108055,3.62616062565329,0.00154545181121343,0.0213358208381409,0.0179850824813726,"SEMA3D/SEMA3A/SEMA3E/SEMA3C/SEMA5A/SEMA5B/SEMA7A/SEMA3DL/SEMA3B/HOMER3",10,"BP"
"GO:0045597","positive regulation of cell differentiation","19/1865","60/11749",0.316666666666667,1.99491510277033,3.35604664212429,0.00172095306348929,0.0229728182084442,0.019364993427853,"PDE3A/CHODL/AAMDC/GDPD5/MTURN/MYOD1/SEMA7A/PLXND1/DBN1/METRNL/SERPINF1/EVI2B/PDPN/FGFR1/FNDC5/MYOG/PLXNA2/NGF/ANXA1",19,"BP"
"GO:0014032","neural crest cell development","11/1865","27/11749",0.407407407407407,2.56655744216066,3.53982967993554,0.00172180579127675,0.0229728182084442,0.019364993427853,"SEMA3D/SEMA3A/SEMA3E/SEMA3C/SEMA5A/SEMA5B/SEMA7A/SEMA3DL/SEMA3B/SOX8/HOMER3",11,"BP"
"GO:0014033","neural crest cell differentiation","11/1865","27/11749",0.407407407407407,2.56655744216066,3.53982967993554,0.00172180579127675,0.0229728182084442,0.019364993427853,"SEMA3D/SEMA3A/SEMA3E/SEMA3C/SEMA5A/SEMA5B/SEMA7A/SEMA3DL/SEMA3B/SOX8/HOMER3",11,"BP"
"GO:0048863","stem cell differentiation","11/1865","27/11749",0.407407407407407,2.56655744216066,3.53982967993554,0.00172180579127675,0.0229728182084442,0.019364993427853,"SEMA3D/SEMA3A/SEMA3E/SEMA3C/SEMA5A/SEMA5B/SEMA7A/SEMA3DL/SEMA3B/SOX8/HOMER3",11,"BP"
"GO:0048864","stem cell development","11/1865","27/11749",0.407407407407407,2.56655744216066,3.53982967993554,0.00172180579127675,0.0229728182084442,0.019364993427853,"SEMA3D/SEMA3A/SEMA3E/SEMA3C/SEMA5A/SEMA5B/SEMA7A/SEMA3DL/SEMA3B/SOX8/HOMER3",11,"BP"
"GO:0009141","nucleoside triphosphate metabolic process","21/1865","69/11749",0.304347826086957,1.91730970975638,3.31951116084163,0.00176778629770559,0.0234290610655914,0.019749584462788,"BPGM/TPI1/ATP5J/FAM173B/PGK2/PGAM1/PKLR/GPI/ATP5J2/FAM173A/NME3/AK1/NME1/GCK/LOC776719/ATP5G2/PFKM/ATP5B/ALDOA/ALDOA/ALDOB",21,"BP"
"GO:2000026","regulation of multicellular organismal development","37/1865","145/11749",0.255172413793103,1.60751779606175,3.19737933660475,0.00178698119123991,0.0235266132992381,0.0198318163572948,"SEMA3D/SEMA3A/SEMA3E/SEMA3C/LRTM2/PTHLH/CLSTN3/CHODL/LECT1/MTURN/SEMA5A/ISM1/CST7/VASH2/TNMD/THBS1/CTLA4/SEMA5B/CLSTN2/HES1/SEMA7A/SEMA3DL/SEMA3B/PLXND1/ECSCR/DBN1/NF2L/SERPINF1/EVI2B/MAFB/LAMA5/ECM1/LOC121107612/PLXNA2/NGF/HOMER3/ANXA1",37,"BP"
"GO:0048675","axon extension","12/1865","31/11749",0.387096774193548,2.43860589812332,3.48378187425608,0.00181387218598528,0.0236520834680765,0.0199375817437138,"SEMA3D/SEMA3A/SEMA3E/SEMA3C/SEMA5A/LOC426385/SEMA5B/SEMA7A/SEMA3DL/SEMA3B/DBN1/HOMER3",12,"BP"
"GO:0015800","acidic amino acid transport","6/1865","10/11749",0.6,3.77983914209115,3.81996279549954,0.00186789592781087,0.0236520834680765,0.0199375817437138,"SLC1A4/SLC25A22/SLC1A2/SLC25A12/SLC1A6/SLC1A1",6,"BP"
"GO:0015813","L-glutamate transmembrane transport","6/1865","10/11749",0.6,3.77983914209115,3.81996279549954,0.00186789592781087,0.0236520834680765,0.0199375817437138,"SLC1A4/SLC25A22/SLC1A2/SLC25A12/SLC1A6/SLC1A1",6,"BP"
"GO:0030204","chondroitin sulfate metabolic process","6/1865","10/11749",0.6,3.77983914209115,3.81996279549954,0.00186789592781087,0.0236520834680765,0.0199375817437138,"CHST7/DSEL/CSGALNACT1/CHST3/CHPF/CHSY3",6,"BP"
"GO:0031644","regulation of nervous system process","6/1865","10/11749",0.6,3.77983914209115,3.81996279549954,0.00186789592781087,0.0236520834680765,0.0199375817437138,"DLGAP1/CST7/VIP/DLGAP2/BEGAIN/DLGAP3",6,"BP"
"GO:0051938","L-glutamate import","6/1865","10/11749",0.6,3.77983914209115,3.81996279549954,0.00186789592781087,0.0236520834680765,0.0199375817437138,"SLC1A4/SLC25A22/SLC1A2/SLC25A12/SLC1A6/SLC1A1",6,"BP"
"GO:0050900","leukocyte migration","17/1865","52/11749",0.326923076923077,2.05952773767787,3.3260729954979,0.00201389786823245,0.0253394238104185,0.0213599294218925,"CXCL13/CXCL13L2/CXCL13L3/BDKRB1/ITGA6/SELP/SELE/CCL17/SELPLG/CCL5/CCLI5/CCL1/TBX21/MADCAM1/CCL19/LOC100857191/ANXA1",17,"BP"
"GO:0007169","cell surface receptor protein tyrosine kinase signaling pathway","48/1865","203/11749",0.236453201970443,1.48959178013444,3.05647873600876,0.00236659153597188,0.0295898363113968,0.024942825059697,"PDGFB/NTF3/EPHB6/STYK1/EPHA3/EPHA6/FGF14/SHISA2/NRP1/DOK6/GAREM1/ANGPT1/ALK/EPHA7/ANGPT2/FGF13/FGF2/KIT/PDGFRA/CHURC1/RET/SH2D6/ERBB4/NRP2/CHN1/DDR2/ANGPTL1/PIK3R3/LEPROT/FGF12/EPHB3/FGF7/NTRK3/SHCBP1/PDGFRB/RHBDF1/STXBP4/CASS4/DOK5/FGFR1/LCK/MAPKAPK2/NGF/IGFBP4/ZAP70/GHR/PIK3R1/NTRK2",48,"BP"
"GO:0009060","aerobic respiration","20/1865","66/11749",0.303030303030303,1.9090096677228,3.21675733713547,0.0023827040546911,0.0296050978795369,0.0249556898359752,"SUCLA2/NDUFC2/CYCS/FAM173B/NDUFS6/COX7B/SUCLG1/OGDHL/UQCRFS1/UQCRQ/ATP5J2/FAM173A/UQCR10/MDH2/SDHD/SDHC/NDUFA7/UQCR11/ATP5B/COX7C",20,"BP"
"GO:0006006","glucose metabolic process","11/1865","28/11749",0.392857142857143,2.47489467636921,3.39400680989412,0.00243403919938653,0.0300550927228597,0.0253350140923397,"GAPDH/TPI1/GNMT/PGK2/PDK1/ADPGK/GPI/DCXR/G6PC3/PFKM/FBP2",11,"BP"
"GO:0040013","negative regulation of locomotion","12/1865","32/11749",0.375,2.36239946380697,3.35217171190901,0.00248856994082087,0.0305387471750117,0.0257427117984849,"SEMA3D/SEMA3A/SEMA3E/SEMA3C/SRGAP1/SEMA5A/SEMA5B/SEMA7A/SEMA3DL/SEMA3B/SRGAP3/HOMER3",12,"BP"
"GO:0016055","Wnt signaling pathway","33/1865","128/11749",0.2578125,1.62414963136729,3.08408948908002,0.00256990592905374,0.0313433925580297,0.0264209895967295,"WNT16/WNT2/PTPRO/SHISA2/WNT11/TPBGL/BAMBI/SOSTDC1/SFRP4/TMEM170B/TPBG/FZD3/SFRP2/DKK2/DACT1/DKK4/TRABD2B/WLS/NKD1/WNT5A/TCF7/FZD9/WNT4/ADGRA2/SFRP1/VANGL2/WNT2B/WNT9B/LOC100857637/AES/STK11/APC2/DAB2",33,"BP"
"GO:0022900","electron transport chain","16/1865","49/11749",0.326530612244898,2.05705531542376,3.2207561310528,0.0027373116648588,0.03318155847402,0.0279704760619718,"NDUFC2/CYCS/NDUFS6/FDX1B/COX7B/SLC25A22/NDUFB3/SLC25A12/UQCRFS1/UQCRQ/UQCR10/SDHD/SDHC/NDUFA7/UQCR11/COX7C",16,"BP"
"GO:0097435","supramolecular fiber organization","65/1865","294/11749",0.22108843537415,1.39279786981817,2.96278584414915,0.0027684067735826,0.0333551070659528,0.0281167692730048,"HCLS1/LMOD2/TRIOBP/MTPN/CALD1/DPT/SHROOM2/DIAPH3/CKAP2/WDR73/SERPINH1/MYO1G/VILL/VIM/FAM171A1/CRTAP/TPPP/FHOD3/STMN2/RHPN1/LOC107050437/ENAH/MYO6/TP53I3/PLS3/CSRP3/GAS2/ACTC1/ADD3/PPP1R19L/NCKAP5/ERMN/TPM1/MYO1E/MYO5A/CORO2B/MAP1A/RLTPR/TPPP3/LMOD3/DBN1/CYFIP2/DPYSL3/FSCN1/NDE1/GAS7/GAS2L2/ARHGAP40/STMN3/ESPN/CAPG/LOC419677/TPM3/HAX1/TMOD4/TNNT2/PKP1/TCAP/P3H4/APC2/MYO1A/TPM2/MAP1B/PGM5/TMOD1",65,"BP"
"GO:0050919","negative chemotaxis","9/1865","21/11749",0.428571428571429,2.69988510149368,3.38666512025276,0.00299018064492477,0.0358101151934364,0.0301862243926457,"SEMA3D/SEMA3A/SEMA3E/SEMA3C/SEMA7A/SEMA3DL/SEMA3B/SLIT3/HOMER3",9,"BP"
"GO:0003008","system process","66/1865","301/11749",0.219269102990033,1.38133656355491,2.91126610885904,0.00318023590964435,0.0376885929641697,0.0317696918346702,"LMOD2/CALD1/PTPRO/NTF3/GABRR3/KCNE1/KCNH2/AQP1/SCN5A/STAC/DLGAP1/PENK/CST7/VIP/PLN/DLGAP2/FKBP1B/PNOC/GLRB/PPEF2/GABRA4/ADRA2C/CSRP3/PRPH2L/ACTC1/BEGAIN/LOC428967/CHRNA1/OTOS/KCNE4/CHRND/CHRNG/LOC101748152/CLRN1/INSYN1/CHRNA5/TPM1/RGS9BP/LOC107054425/LMOD3/ADRB2/KLHL3/MYL2/CRYBB1/GRIN2C/UNC119/SMTNL2/CHRNA4/LOC107054855/GABRD/TAS1R3/ADRA1A/EDN2/DLGAP3/HTR3A/TPM3/TMOD4/TNNT2/NGF/KCNH6/TCAP/MYO1A/TPM2/NPR3/PDE4D/TMOD1",66,"BP"
"GO:0002683","negative regulation of immune system process","13/1865","37/11749",0.351351351351351,2.21341931744077,3.21108094471234,0.0032601427715052,0.0376885929641697,0.0317696918346702,"GRAMD4/CD200L/CD88/UBASH3A/CST7/CTLA4/PLA2G2E/PLA2G5/C4BPS/PTPN22/CACTIN/ANXA1/CR1",13,"BP"
"GO:0001755","neural crest cell migration","10/1865","25/11749",0.4,2.5198927613941,3.30445669444509,0.0032607836971012,0.0376885929641697,0.0317696918346702,"SEMA3D/SEMA3A/SEMA3E/SEMA3C/SEMA5A/SEMA5B/SEMA7A/SEMA3DL/SEMA3B/HOMER3",10,"BP"
"GO:0031345","negative regulation of cell projection organization","10/1865","25/11749",0.4,2.5198927613941,3.30445669444509,0.0032607836971012,0.0376885929641697,0.0317696918346702,"SEMA3D/SEMA3A/SEMA3E/SEMA3C/SEMA5A/SEMA5B/SEMA7A/SEMA3DL/SEMA3B/HOMER3",10,"BP"
"GO:0045926","negative regulation of growth","10/1865","25/11749",0.4,2.5198927613941,3.30445669444509,0.0032607836971012,0.0376885929641697,0.0317696918346702,"SEMA3D/SEMA3A/SEMA3E/SEMA3C/SEMA5A/SEMA5B/SEMA7A/SEMA3DL/SEMA3B/HOMER3",10,"BP"
"GO:0090497","mesenchymal cell migration","10/1865","25/11749",0.4,2.5198927613941,3.30445669444509,0.0032607836971012,0.0376885929641697,0.0317696918346702,"SEMA3D/SEMA3A/SEMA3E/SEMA3C/SEMA5A/SEMA5B/SEMA7A/SEMA3DL/SEMA3B/HOMER3",10,"BP"
"GO:0006090","pyruvate metabolic process","12/1865","33/11749",0.363636363636364,2.29081160126737,3.22541177483177,0.00335408889341452,0.0384656279437484,0.0324246953756473,"BPGM/TPI1/ME1/PGK2/PGAM1/PKLR/GPI/GCK/PFKM/ALDOA/ALDOA/ALDOB",12,"BP"
"GO:0071621","granulocyte chemotaxis","11/1865","29/11749",0.379310344827586,2.38955348063234,3.25435913729222,0.00336670989044881,0.0384656279437484,0.0324246953756473,"CXCL13/CXCL13L2/CXCL13L3/BDKRB1/CCL17/CCL5/CCLI5/CCL1/CCL19/LOC100857191/ANXA1",11,"BP"
"GO:0015849","organic acid transport","27/1865","101/11749",0.267326732673267,1.68408674647626,2.99917081294628,0.00352912427185621,0.0400908517282865,0.0337946817491434,"CD36/SLC38A2/SLC16A7/FABP4/SLC1A4/MPC1L/SLC10A4/FABP1/SFXN5/SLC25A22/SLC1A2/SLC25A29/SLC16A9/SFXN2/SLC25A12/SLC6A9/RBP2/SLC6A6/PROCA1/PLA2G2E/PLA2G5/FABP3/CRABP2/SLC16A4/SLC1A6/SLC1A1/ANXA1",27,"BP"
"GO:0043269","regulation of monoatomic ion transport","24/1865","87/11749",0.275862068965517,1.73785707682352,3.00054658208975,0.00372589403757794,0.0418487936270673,0.0352765431824055,"WNK1/CASR/KCNE1/CACNB2/STAC/FAM173B/GEM/ARC/VIP/NKAIN2/PLN/FKBP1B/KCNIP2/KCNE4/KCNAB1/LOC101748152/GRAMD2/KCNJ12/FAM173A/REM1/FXYD6/LOC429785/HOMER3/LOC107050029",24,"BP"
"GO:0040008","regulation of growth","15/1865","46/11749",0.326086956521739,2.05426040331041,3.11195441903695,0.00372597408047832,0.0418487936270673,0.0352765431824055,"SEMA3D/SEMA3A/SEMA3E/SEMA3C/SEMA5A/IGFBP7/KAZALD1/SEMA5B/SEMA7A/SEMA3DL/SEMA3B/DBN1/NGF/STK11/HOMER3",15,"BP"
"GO:0006163","purine nucleotide metabolic process","37/1865","151/11749",0.245033112582781,1.54364291674804,2.92055691422275,0.00377739162840909,0.0421879469509959,0.035562433308263,"NAMPTP1/BPGM/TPI1/ATP5J/GART-B/GART/FAM173B/ADCY3/PRPS1L1/PGK2/GUCY1B3/AMPD3/ADSS1/PGAM1/ADCY6/GUCY1B4/NPPC/PKLR/GPI/ATP5J2/FAM173A/NME3/AK1/NME1/NADK/GCK/LOC776719/AMPD1/GPD1/ATP5G2/PFKM/ATP5B/ALDOA/ALDOA/NPR2/PDE4D/ALDOB",37,"BP"
"GO:0009152","purine ribonucleotide biosynthetic process","19/1865","64/11749",0.296875,1.87023290884718,3.03225799540878,0.0039034728052441,0.0433525359599176,0.0365441264683834,"ATP5J/GART-B/GART/FAM173B/ADCY3/GUCY1B3/AMPD3/ADSS1/ADCY6/GUCY1B4/NPPC/ATP5J2/FAM173A/NME3/NME1/AMPD1/ATP5G2/ATP5B/NPR2",19,"BP"
"GO:0042692","muscle cell differentiation","14/1865","42/11749",0.333333333333333,2.09991063449508,3.10180331439467,0.00399945617039117,0.0441717714818758,0.037234703060016,"LMOD2/FHOD3/CSRP3/ALPK3/RBPMS2/FBXO22/LMOD3/MYL2/TMOD4/TNNT2/TCAP/LOC431653/PGM5/TMOD1",14,"BP"
"GO:0019221","cytokine-mediated signaling pathway","30/1865","117/11749",0.256410256410256,1.61531587268853,2.90548656128191,0.00427740422028007,0.0469805502205347,0.039602369983634,"TNFRSF13C/IL2RB/ADIPOR2/LAG3/CD4/LOC418667/CRLF2/IL18RAP/IL13RA2/CXCL13/CXCL13L2/CXCL13L3/KIT/CXCL12/STAT4/LEPR/IL12RB2/CCL17/IL21R/IL9R/CCL5/CCLI5/CCL1/JAK3/IL11RA/CCL19/LOC100857191/PRLR/GHR/LOC101749460",30,"BP"
"GO:0030239","myofibril assembly","9/1865","22/11749",0.409090909090909,2.57716305142579,3.21624771497256,0.00435626540913512,0.0475838221613221,0.0401108995450729,"LMOD2/FHOD3/CSRP3/LMOD3/TMOD4/TNNT2/TCAP/PGM5/TMOD1",9,"BP"
"GO:0055001","muscle cell development","12/1865","34/11749",0.352941176470588,2.22343478946538,3.10315991456394,0.00444703188967154,0.0483098327686722,0.0407228919663911,"LMOD2/FHOD3/CSRP3/ALPK3/FBXO22/LMOD3/TMOD4/TNNT2/TCAP/LOC431653/PGM5/TMOD1",12,"BP"
"GO:0030593","neutrophil chemotaxis","10/1865","26/11749",0.384615384615385,2.42297380903279,3.15514422972231,0.00455558037783296,0.0484304480809194,0.0408245649395445,"CXCL13/CXCL13L2/CXCL13L3/BDKRB1/CCL17/CCL5/CCLI5/CCL1/CCL19/LOC100857191",10,"BP"
"GO:0070098","chemokine-mediated signaling pathway","10/1865","26/11749",0.384615384615385,2.42297380903279,3.15514422972231,0.00455558037783296,0.0484304480809194,0.0408245649395445,"CXCL13/CXCL13L2/CXCL13L3/CXCL12/CCL17/CCL5/CCLI5/CCL1/CCL19/LOC100857191",10,"BP"
"GO:1990868","response to chemokine","10/1865","26/11749",0.384615384615385,2.42297380903279,3.15514422972231,0.00455558037783296,0.0484304480809194,0.0408245649395445,"CXCL13/CXCL13L2/CXCL13L3/CXCL12/CCL17/CCL5/CCLI5/CCL1/CCL19/LOC100857191",10,"BP"
"GO:1990869","cellular response to chemokine","10/1865","26/11749",0.384615384615385,2.42297380903279,3.15514422972231,0.00455558037783296,0.0484304480809194,0.0408245649395445,"CXCL13/CXCL13L2/CXCL13L3/CXCL12/CCL17/CCL5/CCLI5/CCL1/CCL19/LOC100857191",10,"BP"
"GO:0005201","extracellular matrix structural constituent","17/2000","30/12459",0.566666666666667,3.53005,6.06688435916244,4.26333180501232e-07,0.000278395566867304,0.000254453592993893,"LAMB1/LAMB4/DPT/COL4A1/COL4A2/COL1A2/COL4A5/COL4A6/MMRN1/COL5A2/COL3A1/LAMC2/COL11A1/COL27A1/COL5A1/ELN/COL1A1",17,"MF"
"GO:0005267","potassium channel activity","34/2000","101/12459",0.336633663366337,2.09705940594059,4.8407295160583,9.79706752115705e-06,0.00319874254565778,0.00292365120236634,"KCND2/KCNMB4/KCNC2/KCNA6/KCNA5/GRIK1/KCNE1/TSKU/KCNH2/KCNK2/KCNH1/KCNQ5/KCNF1/KCNS3/KCNK3/PKD2/KCNK10/KCNH7/KCNE4/KCNMB2/KCNAB1/KCNG4/KCNJ12/KCNT1/KCNQ2/KCNQ4/GRIK4/KCNC4/KCNA3/KCND3/KCNH6/LOC429785/LOC107055327/TMEM38B",34,"MF"
"GO:0004222","metalloendopeptidase activity","31/2000","91/12459",0.340659340659341,2.12213736263736,4.69797888304978,1.82376078113045e-05,0.00396971930026062,0.00362832408035427,"ADAMTS20/ATP23/ADAMTS5/MMP27/MMP7/ADAM22/MMP16/SPRTN/ADAMTS3/ADAMTS14/TLL2/IDE/ADAM12/TRABD2B/NRDC/MME/THSD4/ADAMTS17/ADAMTS7/ADAMTS18/ADAM19/ADAMTS2/MMP28/MMEL1/MMP23A/ADAMTS8/ADAMTS15/ADAMTS10/ADAMTS12/ADAMTS6/ADAMTS19",31,"MF"
"GO:0005249","voltage-gated potassium channel activity","26/2000","72/12459",0.361111111111111,2.24954166666667,4.6497328528122,2.68518624752697e-05,0.0040937597046234,0.00374169702993708,"KCND2/KCNC2/KCNA6/KCNA5/KCNE1/TSKU/KCNH2/KCNK2/KCNH1/KCNQ5/KCNF1/KCNS3/KCNK3/KCNH7/KCNE4/KCNAB1/KCNG4/KCNJ12/KCNQ2/KCNQ4/KCNC4/KCNA3/KCND3/KCNH6/LOC429785/LOC107055327",26,"MF"
"GO:0008237","metallopeptidase activity","45/2000","155/12459",0.290322580645161,1.80856451612903,4.42946674868387,3.13457864059985e-05,0.0040937597046234,0.00374169702993708,"ADAMTS20/ATP23/CPM/METAP2/ADAMTS5/MMP27/MMP7/ADAM22/COPS5/MMP16/SPRTN/XPNPEP2/CPE/ADAMTS3/CPZ/CPXM1/ADAMTS14/TLL2/IDE/CPN1/ADAM12/METAP1D/PAPPA2/TRABD2B/NRDC/MME/THSD4/AGBL1/ADAMTS17/ADAMTS7/ADAMTS18/ADAM19/ADAMTS2/MMP28/NPEPL1/MMEL1/MMP23A/AEBP1/ADAMTS8/ADAMTS15/ACE/ADAMTS10/ADAMTS12/ADAMTS6/ADAMTS19",45,"MF"
"GO:0015079","potassium ion transmembrane transporter activity","36/2000","117/12459",0.307692307692308,1.91676923076923,4.35666601819672,4.99873080373685e-05,0.00544028535806694,0.0049724216942435,"KCND2/KCNMB4/KCNC2/KCNA6/KCNA5/GRIK1/KCNE1/TSKU/KCNH2/KCNK2/KCNH1/KCNQ5/KCNF1/KCNS3/KCNK3/PKD2/KCNK10/KCNH7/KCNE4/SLC12A9/KCNMB2/KCNAB1/KCNG4/KCNJ12/KCNT1/KCNQ2/SLC12A5/KCNQ4/GRIK4/KCNC4/KCNA3/KCND3/KCNH6/LOC429785/LOC107055327/TMEM38B",36,"MF"
"GO:0003779","actin binding","63/2000","251/12459",0.250996015936255,1.5635796812749,3.94424612148249,0.000132001184114106,0.0123138247466445,0.0112548378034133,"HCLS1/LMOD2/TRIOBP/CALD1/PARVB/SHROOM2/MYO16/DIAPH3/MYO1G/VILL/ACTR3B/FHOD3/EPB41L3/MYO6/TP53I3/PLS3/MYOZ2/PDLIM5/GAS2/PARVA/LPXN/SPTBN5/CLMN/LDB3/PDLIM1/ADD3/ABLIM1/PPP1R19L/ERMN/TPM1/MYO1E/MYO5A/CORO2B/MAP1A/MTSS1L/PXK/LMOD3/DBN1/MYOZ3/PDLIM4/FSCN1/GAS7/MYH13/MYH1D/MYH1F/MYH1A/MYH1B/MYH1E/MYH1C/MYH1G/MYH10/MYH7/ALKBH4/GAS2L2/NF2L/ESPN/TMEM201/CAPG/FHL3/TPM3/MYO1A/TPM2/MAP1B",63,"MF"
"GO:0043177","organic acid binding","23/2000","67/12459",0.343283582089552,2.13848507462687,4.08590363816351,0.000186384308293583,0.0152136191644637,0.0139052503687449,"P3H3/SESN3/P4HA3/HBBA/FABP4/GNMT/SESN1/FABP1/EGLN3/SELP/SELE/RBP2/PLOD2/P3H2/NR2F2/HBAD/HBA1/FABP3/CRABP2/LOC121108602/LOC427416/LOC124417561/AVD",23,"MF"
"GO:0045499","chemorepellent activity","11/2000","23/12459",0.478260869565217,2.97932608695652,4.15465522416433,0.000365262358933127,0.0201041762735081,0.018375220354766,"SEMA3D/SEMA3A/SEMA3E/SEMA3C/SEMA5A/SEMA5B/SEMA7A/NRG4/SEMA3DL/SEMA3B/HOMER3",11,"MF"
"GO:0050839","cell adhesion molecule binding","40/2000","147/12459",0.272108843537415,1.69510204081633,3.7071230962642,0.00038056969826686,0.0201041762735081,0.018375220354766,"LAMB1/NRCAM/PTPRO/CD200L/ITGBL1/POSTN/FAT3/TENM4/ITGA9/CDH6/CTNND2/CDH7/LOC414835/CCN3/WISP1/CCN2/CDH23/FN1/ITGA6/NTNG1/SEMA7A/ITGA11/CDH11/CDH8/CHL1/MYOT/TGFBI/PPL/ITGAD/ITGB4/NF2L/PTPRVP/PKP1/NFASC/MADCAM1/LOC107049666/EMB/ANXA1/LOC121108945/LOC121108967",40,"MF"
"GO:0022836","gated channel activity","57/2000","230/12459",0.247826086956522,1.54383260869565,3.64022116015513,0.000382170598642642,0.0201041762735081,0.018375220354766,"KCND2/KCNMB4/KCNC2/KCNA6/KCNA5/GABRR3/GRIK1/KCNE1/FAM155A/GRIA4/TSKU/KCNH2/CACNB2/PIEZO2/KCNK2/KCNH1/KCNQ5/KCNF1/KCNS3/KCNK3/GRIA3/ASIC5/GLRB/PKD2/GABRA4/RYR3/LOC428967/TRPM8/CHRNA1/KCNH7/KCNE4/CHRND/CHRNG/KCNMB2/KCNAB1/CHRNA5/KCNG4/PIEZO1/KCNJ12/P2RX7/KCNT1/TTYH1/GRIN2C/CHRNA4/KCNQ2/GABRD/KCNQ4/GRIK4/HTR3A/KCNC4/KCNA3/KCND3/KCNH6/LOC429785/LOC107055327/GRIN3B/LOC107050029",57,"MF"
"GO:0008092","cytoskeletal protein binding","106/2000","486/12459",0.218106995884774,1.3586975308642,3.5272732934933,0.000418729840402804,0.0201041762735081,0.018375220354766,"HCLS1/LMOD2/TRIOBP/CALD1/PARVB/CLSTN3/STXBP5L/CCDC181/SHROOM2/MYO16/DIAPH3/DCLK1/KATNAL1/MTUS2/MYO1G/VILL/ACTR3B/TPPP/FHOD3/PTPN3/MTCL1/EPB41L3/MAPRE2/STMN2/KLC2/FAM179A/KIF26B/MYO6/TP53I3/KIF3C/PLS3/DCX/PKD2/MYOZ2/PDLIM5/CSRP3/GAS2/PARVA/LPXN/SPTBN5/STARD9/ACTC1/CLMN/LDB3/PDLIM1/ADD3/ABLIM1/PPP1R19L/EPB41L5/ERMN/KIF14/MAP6D1/KIF1A/CLSTN2/TPM1/ANXA2/MYO1E/MYO5A/CORO2B/KIF23/FRMD5/MAP1A/TPPP3/MTSS1L/PXK/LMOD3/KIF20A/DBN1/CCDC69/MYOZ3/PDLIM4/FSCN1/NDE1/IFT81/GAS7/MYH13/MYH1D/MYH1F/MYH1A/MYH1B/MYH1E/MYH1C/MYH1G/MYH10/MYH7/ALKBH4/GAS2L2/NF2L/SMTNL2/STMN3/ESPN/TMEM201/PLEKHM2/CAPG/FHL3/TPM3/TMOD4/KIF21B/TNNT2/TCAP/APC2/MYO1A/TPM2/MAP1B/FRMD3/TMOD1",106,"MF"
"GO:0030215","semaphorin receptor binding","10/2000","20/12459",0.5,3.11475,4.13880892709617,0.000433168020982816,0.0201041762735081,0.018375220354766,"SEMA3D/SEMA3A/SEMA3E/SEMA3C/SEMA5A/SEMA5B/SEMA7A/SEMA3DL/SEMA3B/HOMER3",10,"MF"
"GO:0022843","voltage-gated monoatomic cation channel activity","29/2000","97/12459",0.298969072164948,1.86242783505155,3.72870772185871,0.000445535949459646,0.0201041762735081,0.018375220354766,"KCND2/KCNC2/KCNA6/KCNA5/KCNE1/TSKU/KCNH2/CACNB2/KCNK2/KCNH1/KCNQ5/KCNF1/KCNS3/KCNK3/PKD2/KCNH7/KCNE4/KCNAB1/KCNG4/KCNJ12/KCNQ2/KCNQ4/KCNC4/KCNA3/KCND3/KCNH6/LOC429785/LOC107055327/LOC107050029",29,"MF"
"GO:0004714","transmembrane receptor protein tyrosine kinase activity","19/2000","54/12459",0.351851851851852,2.19186111111111,3.83811713472595,0.000463547859476112,0.0201041762735081,0.018375220354766,"EPHB6/STYK1/EPHA3/EPHA6/NRP1/ALK/EPHA7/KIT/PDGFRA/FGFRL1/RET/ERBB4/NRP2/DDR2/EPHB3/NTRK3/PDGFRB/FGFR1/NTRK2",19,"MF"
"GO:0005518","collagen binding","7/2000","11/12459",0.636363636363636,3.96422727272727,4.30082856079124,0.000492598499810306,0.0201041762735081,0.018375220354766,"LOC121107687/SERPINH1/CRTAP/DDR2/ECM2/SPARC/P3H4",7,"MF"
"GO:0031406","carboxylic acid binding","20/2000","60/12459",0.333333333333333,2.0765,3.6550254807116,0.000738474259166535,0.0283660994844557,0.0259266195013886,"P3H3/SESN3/P4HA3/FABP4/GNMT/SESN1/FABP1/EGLN3/SELP/SELE/RBP2/PLOD2/P3H2/NR2F2/FABP3/CRABP2/LOC121108602/LOC427416/LOC124417561/AVD",20,"MF"
"GO:0051015","actin filament binding","41/2000","158/12459",0.259493670886076,1.61651582278481,3.41033184967102,0.000920741755670198,0.0306054592835484,0.0279733947187425,"HCLS1/TRIOBP/SHROOM2/MYO16/MYO1G/VILL/ACTR3B/FHOD3/MYO6/PLS3/GAS2/SPTBN5/CLMN/ADD3/ABLIM1/PPP1R19L/ERMN/TPM1/MYO1E/MYO5A/CORO2B/DBN1/FSCN1/GAS7/MYH13/MYH1D/MYH1F/MYH1A/MYH1B/MYH1E/MYH1C/MYH1G/MYH10/MYH7/GAS2L2/ESPN/TMEM201/CAPG/TPM3/MYO1A/TPM2",41,"MF"
"GO:0042805","actinin binding","7/2000","12/12459",0.583333333333333,3.633875,3.99160463233942,0.00101840448388608,0.0306054592835484,0.0279733947187425,"PKD2/PDLIM5/CSRP3/LPXN/LDB3/PDLIM1/PDLIM4",7,"MF"
"GO:0003774","cytoskeletal motor activity","28/2000","97/12459",0.288659793814433,1.79820618556701,3.45104534755793,0.00102113179768889,0.0306054592835484,0.0279733947187425,"MYO16/MYO1G/MYO10/DNAH5L/KIF26B/MYO6/KIF3C/STARD9/KIF14/MYO7B/KIF1A/MYO1E/MYO5A/KIF23/KIF20A/MYO15A/MYH13/MYH1D/MYH1F/MYH1A/MYH1B/MYH1E/MYH1C/MYH1G/MYH10/MYH7/KIF21B/MYO1A",28,"MF"
"GO:0015267","channel activity","77/2000","343/12459",0.224489795918367,1.39845918367347,3.27224149940342,0.00105842936802349,0.0306054592835484,0.0279733947187425,"KCND2/KCNMB4/KCNC2/ANO4/KCNA6/KCNA5/GABRR3/GRIK1/KCNE1/FAM155A/NALCN/TPTE/GRIA4/TRPC6/PANX1/TSKU/KCNH2/AQP1/SCN5A/CACNB2/PIEZO2/KCNK2/KCNH1/FAM26E/KCNQ5/KCNF1/KCNS3/KCNK3/RHAG/GRIA3/ASIC5/GLRB/PKD2/GABRA4/ANO3/RYR3/KCNK10/LOC428967/TRPM8/CHRNA1/KCNH7/KCNE4/CHRND/CHRNG/KCNMB2/KCNAB1/CHRNA5/RHCG/KCNG4/PIEZO1/ATP5J2/KCNJ12/P2RX7/KCNT1/TTYH1/GRIN2C/TRPV3/CHRNA4/KCNQ2/GABRD/KCNU1/RHCE/KCNQ4/GRIK4/HTR3A/KCNC4/KCNA3/KCND3/KCNH6/LOC429785/LOC107055327/GRIN3B/ANO8/LOC107050029/ATP5B/AQP3/TMEM38B",77,"MF"
"GO:0022803","passive transmembrane transporter activity","77/2000","343/12459",0.224489795918367,1.39845918367347,3.27224149940342,0.00105842936802349,0.0306054592835484,0.0279733947187425,"KCND2/KCNMB4/KCNC2/ANO4/KCNA6/KCNA5/GABRR3/GRIK1/KCNE1/FAM155A/NALCN/TPTE/GRIA4/TRPC6/PANX1/TSKU/KCNH2/AQP1/SCN5A/CACNB2/PIEZO2/KCNK2/KCNH1/FAM26E/KCNQ5/KCNF1/KCNS3/KCNK3/RHAG/GRIA3/ASIC5/GLRB/PKD2/GABRA4/ANO3/RYR3/KCNK10/LOC428967/TRPM8/CHRNA1/KCNH7/KCNE4/CHRND/CHRNG/KCNMB2/KCNAB1/CHRNA5/RHCG/KCNG4/PIEZO1/ATP5J2/KCNJ12/P2RX7/KCNT1/TTYH1/GRIN2C/TRPV3/CHRNA4/KCNQ2/GABRD/KCNU1/RHCE/KCNQ4/GRIK4/HTR3A/KCNC4/KCNA3/KCND3/KCNH6/LOC429785/LOC107055327/GRIN3B/ANO8/LOC107050029/ATP5B/AQP3/TMEM38B",77,"MF"
"GO:0140678","molecular function inhibitor activity","43/2000","169/12459",0.254437869822485,1.58502071005917,3.34836451756931,0.00107798708043126,0.0306054592835484,0.0279733947187425,"TIMP3/WNK1/LOC101751545/UMODL1/C4A/SERPINH1/COL28A1/COL6A6/PPP1R17/RECK/SERPINB10B/SERPINB2/LOC101747995/LY6CLEL/CST7/PPP1R14C/PLN/CD109/FNIP2/DKK2/SPINK2/DKK4/COL6A3/LYPD1/SERPINE2/PPP1R2/RARRES1/ANXA2/SH3BP5L/AMBP/TEN1/SERPINF1/PI3/PPP1R12B/CDKN1A/FAM212B/HEXIM1/A2ML4/CPAMD8/PPP1R1A/PINLYP/ANXA1/CAST",43,"MF"
"GO:0005178","integrin binding","15/2000","42/12459",0.357142857142857,2.22482142857143,3.47682762846714,0.00150846966952436,0.0410429455916419,0.0375132588868558,"LAMB1/ITGBL1/ITGA9/CCN3/WISP1/CCN2/FN1/ITGA6/SEMA7A/ITGA11/ITGAD/ITGB4/MADCAM1/LOC107049666/LOC121108967",15,"MF"
"GO:0030545","signaling receptor regulator activity","66/2000","290/12459",0.227586206896552,1.41774827586207,3.14760552633637,0.0016222628962605,0.0423735068503243,0.038729392091777,"SEMA3D/SEMA3A/SEMA3E/SEMA3C/WNT16/WNT2/NTS/PDGFB/IGF1/PTN/PTHLH/NTF3/CNP1/TNFSF13B/FGF14/WNT11/SEMA5A/IL7/LOC101747995/LY6CLEL/GREM2/VIP/BMP5/AvBD7/IL17A/APLN/FGF13/CXCL13/CXCL13L2/CXCL13L3/DKK2/FGF2/GREM1/DKK4/GDF10/CXCL12/SEMA5B/LYPD1/FGF12/NPPC/SEMA7A/NRG4/FGF7/CCL17/SEMA3DL/SEMA3B/WNT5A/STC2/LIF/METRNL/CCL5/CCLI5/CCL1/LOC107054855/WNT4/EDN2/LOC121107612/IL10/WNT2B/NGF/WNT9B/ADMP/HOMER3/CCL19/LOC100857191/GDNF",66,"MF"
"GO:0005251","delayed rectifier potassium channel activity","10/2000","23/12459",0.434782608695652,2.70847826086957,3.58613882708294,0.00168901543189535,0.0424202721933716,0.0387721356228608,"KCNC2/KCNA6/KCNA5/KCNE1/KCNH1/KCNE4/KCNG4/KCNC4/KCNA3/LOC107055327",10,"MF"
"GO:0005261","monoatomic cation channel activity","55/2000","234/12459",0.235042735042735,1.46419871794872,3.13459553813115,0.00180052083762198,0.0435459298876722,0.0398009869369068,"KCND2/KCNMB4/KCNC2/KCNA6/KCNA5/GRIK1/KCNE1/FAM155A/NALCN/TRPC6/TSKU/KCNH2/SCN5A/CACNB2/PIEZO2/KCNK2/KCNH1/FAM26E/KCNQ5/KCNF1/KCNS3/KCNK3/ASIC5/PKD2/RYR3/KCNK10/TRPM8/CHRNA1/KCNH7/KCNE4/CHRND/CHRNG/KCNMB2/KCNAB1/CHRNA5/KCNG4/PIEZO1/ATP5J2/KCNJ12/P2RX7/KCNT1/TRPV3/CHRNA4/KCNQ2/KCNQ4/GRIK4/KCNC4/KCNA3/KCND3/KCNH6/LOC429785/LOC107055327/LOC107050029/ATP5B/TMEM38B",55,"MF"
"GO:0005216","monoatomic ion channel activity","71/2000","318/12459",0.223270440251572,1.39086320754717,3.08748745531191,0.00188569791437567,0.0439771692174041,0.0401951397537973,"KCND2/KCNMB4/KCNC2/ANO4/KCNA6/KCNA5/GABRR3/GRIK1/KCNE1/FAM155A/NALCN/TPTE/GRIA4/TRPC6/TSKU/KCNH2/SCN5A/CACNB2/PIEZO2/KCNK2/KCNH1/FAM26E/KCNQ5/KCNF1/KCNS3/KCNK3/GRIA3/ASIC5/GLRB/PKD2/GABRA4/ANO3/RYR3/KCNK10/LOC428967/TRPM8/CHRNA1/KCNH7/KCNE4/CHRND/CHRNG/KCNMB2/KCNAB1/CHRNA5/KCNG4/PIEZO1/ATP5J2/KCNJ12/P2RX7/KCNT1/TTYH1/GRIN2C/TRPV3/CHRNA4/KCNQ2/GABRD/KCNU1/KCNQ4/GRIK4/HTR3A/KCNC4/KCNA3/KCND3/KCNH6/LOC429785/LOC107055327/GRIN3B/ANO8/LOC107050029/ATP5B/TMEM38B",71,"MF"
"GO:0005523","tropomyosin binding","6/2000","10/12459",0.6,3.7377,3.78715170276801,0.0019846275163543,0.0446883368337709,0.0408451470697962,"LMOD2/LMOD3/SMTNL2/TMOD4/TNNT2/TMOD1",6,"MF"
"GO:0031012","extracellular matrix","69/1793","174/11634",0.396551724137931,2.57305229147835,8.92363643329279,5.621839516688e-15,1.54285931834204e-12,1.4366706203185e-12,"FGL2/LAMB1/LAMB4/ADAMTS20/OTOGL/MGP/TIMP3/MFAP5/DPT/ABI3BP/ADAMTS5/COL4A1/COL4A2/GPC6/POSTN/MMP27/MMP7/ANGPTL5/LRRC32/HPX/COL1A2/F13A1/MMP16/ANGPT1/CCN3/COL14A1/WISP1/SMOC2/CCN2/ANGPT2/COL4A5/COL4A6/IGFBP7/LGALS1B/ADAMTS3/SPON1/MUC5ACL/RTN4RL2/ADAMTS14/HPSE2/KAZALD1/HTRA1/ANGPTL1/THSD4/ADAMTS17/ADAMTS7/GFOD2/ADAMTS18/ECM2/LAMB2/ADAM19/ADAMTS2/TGFBI/ANGPTL2/CHAD/ELN/MMP28/EMILIN3/LAMA5/ANGPT4/MMP23A/MFAP2/ADAMTS8/ADAMTS15/ECM1/ADAMTS10/ADAMTS12/ADAMTS6/ADAMTS19",69,"CC"
"GO:0030312","external encapsulating structure","69/1793","175/11634",0.394285714285714,2.55834913552705,8.86598152463547,7.9120990684207e-15,1.54285931834204e-12,1.4366706203185e-12,"FGL2/LAMB1/LAMB4/ADAMTS20/OTOGL/MGP/TIMP3/MFAP5/DPT/ABI3BP/ADAMTS5/COL4A1/COL4A2/GPC6/POSTN/MMP27/MMP7/ANGPTL5/LRRC32/HPX/COL1A2/F13A1/MMP16/ANGPT1/CCN3/COL14A1/WISP1/SMOC2/CCN2/ANGPT2/COL4A5/COL4A6/IGFBP7/LGALS1B/ADAMTS3/SPON1/MUC5ACL/RTN4RL2/ADAMTS14/HPSE2/KAZALD1/HTRA1/ANGPTL1/THSD4/ADAMTS17/ADAMTS7/GFOD2/ADAMTS18/ECM2/LAMB2/ADAM19/ADAMTS2/TGFBI/ANGPTL2/CHAD/ELN/MMP28/EMILIN3/LAMA5/ANGPT4/MMP23A/MFAP2/ADAMTS8/ADAMTS15/ECM1/ADAMTS10/ADAMTS12/ADAMTS6/ADAMTS19",69,"CC"
"GO:0062023","collagen-containing extracellular matrix","37/1793","86/11634",0.430232558139535,2.79159262766054,7.11789369562845,7.67350935445632e-10,9.97556216079322e-08,9.28898500802607e-08,"FGL2/LAMB1/LAMB4/MGP/MFAP5/ABI3BP/ADAMTS5/COL4A1/COL4A2/GPC6/ANGPTL5/HPX/COL1A2/F13A1/ANGPT1/COL14A1/SMOC2/ANGPT2/COL4A5/COL4A6/IGFBP7/LGALS1B/ADAMTS14/KAZALD1/HTRA1/ANGPTL1/LAMB2/ADAM19/ADAMTS2/ANGPTL2/ELN/LAMA5/ANGPT4/MFAP2/ADAMTS8/ADAMTS15/ECM1",37,"CC"
"GO:0009986","cell surface","64/1793","218/11634",0.293577981651376,1.90490030035254,5.75689610825493,1.03826762207019e-07,1.01231093151844e-05,9.42637709511094e-06,"CD36/CPM/TNFRSF13C/IL2RB/SCUBE1/LAG3/CD4/CLSTN3/MPZL1/CD88/UMODL1/LOC418667/CRLF2/ITGBL1/GPC6/TNFRSF14/ITGA9/RAMP3/CD226/LRFN2/SDC1/IL13RA2/PROM1/CXCL12/GFRA1/CTLA4/ITGA6/LOC424300/SELP/SELE/LEPR/IL12RB2/CLSTN2/NLGN1/SEMA7A/ITGA11/IL21R/IL9R/ITGAD/MHCY36/MHCY14/MHCY11/MHCY7/MHCY4/MHCY35/BF1/AMBP/ITGB4/SULF2/TNFRSF9/MXRA8/TNFRSF18/GFRA2/CLMP/CD3E/CD3D/LOC100857714/NGFR/LOC107049666/IL11RA/PRLR/GHR/LOC101749460/LOC121108967",64,"CC"
"GO:0015629","actin cytoskeleton","67/1793","241/11634",0.278008298755187,1.80387537519121,5.38263078343391,4.95874100822391e-07,3.86781798641465e-05,3.60161189018368e-05,"HCLS1/LMOD2/TRIOBP/DENND2A/CALD1/PARVB/SHROOM2/MYO16/DIAPH3/MYL3/MYO1G/VILL/ACTR3B/MYO10/LOC107052441/MYO6/PLS3/MYOZ2/PDLIM5/GAS2/PARVA/LPXN/SMTNL1/SPTBN5/ACTC1/LDB3/PDLIM1/ABLIM1/PPP1R19L/MYO7B/TPM1/MYO1E/MYO5A/MTSS1L/TNNC1/LMOD3/DBN1/MYOZ3/PDLIM4/FSCN1/MYO15A/SMTN/GAS7/MYH13/MYH1D/MYH1F/MYH1A/MYH1B/MYH1E/MYH1C/MYH1G/MYH10/MYH7/GAS2L2/SMTNL2/CAPG/FHL3/ARHGAP33/TPM3/HAX1/TMOD4/TNNT2/MYL4/MYO1A/BIN2/TPM2/TMOD1",67,"CC"
"GO:0005884","actin filament","19/1793","42/11634",0.452380952380952,2.93530395984384,5.36304001208643,4.2219087539013e-06,0.000274424069003584,0.000255536582472973,"HCLS1/DIAPH3/PLS3/PDLIM5/GAS2/LPXN/SMTNL1/ACTC1/LDB3/PDLIM1/TPM1/DBN1/PDLIM4/SMTN/GAS7/GAS2L2/SMTNL2/TPM3/TPM2",19,"CC"
"GO:0009897","external side of plasma membrane","41/1793","136/11634",0.301470588235294,1.95611200419934,4.78722087745982,9.72222878309783e-06,0.000541667032201165,0.000504386305288534,"TNFRSF13C/IL2RB/LAG3/CD4/CD88/LOC418667/CRLF2/ITGA9/CD226/IL13RA2/CXCL12/GFRA1/CTLA4/ITGA6/SELP/SELE/LEPR/IL12RB2/SEMA7A/ITGA11/IL21R/IL9R/ITGAD/MHCY36/MHCY14/MHCY11/MHCY7/MHCY4/MHCY35/BF1/TNFRSF9/TNFRSF18/GFRA2/CD3E/CD3D/LOC100857714/IL11RA/PRLR/GHR/LOC101749460/LOC121108967",41,"CC"
"GO:0016459","myosin complex","22/1793","56/11634",0.392857142857143,2.54907975460123,4.95983708890307,1.25884921389879e-05,0.000613688991775662,0.000571451287888268,"MYO16/MYL3/MYO1G/MYO10/MYO6/MYO7B/MYO1E/MYO5A/TNNC1/MYO15A/MYH13/MYH1D/MYH1F/MYH1A/MYH1B/MYH1E/MYH1C/MYH1G/MYH10/MYH7/MYL4/MYO1A",22,"CC"
"GO:0030016","myofibril","23/1793","62/11634",0.370967741935484,2.40704891783459,4.74151601394675,2.42286980093975e-05,0.00104991024707389,0.000977649217923057,"LMOD2/SMPX/FHL2/MYOZ2/PDLIM5/CSRP3/LPXN/RYR3/ACTC1/AHNAK2/LDB3/PDLIM1/LMOD3/MYOZ3/PDLIM4/MYL2/SMTNL2/FHL3/TMOD4/PPP1R12B/TNNT2/TCAP/TMOD1",23,"CC"
"GO:0030017","sarcomere","21/1793","55/11634",0.381818181818182,2.47745272017442,4.6878726226808,3.28249407718742e-05,0.00128017269010309,0.00119206363855754,"LMOD2/SMPX/FHL2/MYOZ2/PDLIM5/CSRP3/LPXN/RYR3/ACTC1/LDB3/PDLIM1/LMOD3/MYOZ3/PDLIM4/SMTNL2/FHL3/TMOD4/PPP1R12B/TNNT2/TCAP/TMOD1",21,"CC"
"GO:0034705","potassium channel complex","18/1793","44/11634",0.409090909090909,2.6544136287583,4.69294119438123,4.05134183270225e-05,0.00141751859615464,0.00131995658751242,"KCND2/KCNMB4/KCNC2/KCNA6/KCNA5/GRIK1/TSKU/KCNF1/KCNS3/KCNIP2/KCNMB2/KCNAB1/KCNG4/GRIK4/KCNC4/KCNA3/KCND3/LOC107055327",18,"CC"
"GO:0043292","contractile muscle fiber","23/1793","64/11634",0.359375,2.33182863915226,4.56024367867531,4.36159568047581e-05,0.00141751859615464,0.00131995658751242,"LMOD2/SMPX/FHL2/MYOZ2/PDLIM5/CSRP3/LPXN/RYR3/ACTC1/AHNAK2/LDB3/PDLIM1/LMOD3/MYOZ3/PDLIM4/MYL2/SMTNL2/FHL3/TMOD4/PPP1R12B/TNNT2/TCAP/TMOD1",23,"CC"
"GO:0031941","filamentous actin","8/1793","12/11634",0.666666666666667,4.32571109871723,4.91984137118758,8.66089680550346e-05,0.00259826904165104,0.00241944080801514,"PDLIM5/LPXN/SMTNL1/LDB3/PDLIM1/PDLIM4/SMTN/SMTNL2",8,"CC"
"GO:0008076","voltage-gated potassium channel complex","16/1793","40/11634",0.4,2.59542665923034,4.31426269098343,0.000148240158078594,0.0039570306325159,0.00368468439465043,"KCND2/KCNMB4/KCNC2/KCNA6/KCNA5/TSKU/KCNF1/KCNS3/KCNIP2/KCNMB2/KCNAB1/KCNG4/KCNC4/KCNA3/KCND3/LOC107055327",16,"CC"
"GO:0043005","neuron projection","86/1793","384/11634",0.223958333333333,1.45316857222532,3.85447761012041,0.000152193485865996,0.0039570306325159,0.00368468439465043,"KCNC2/NTS/EPHB6/EPHA3/EPHA6/GABRR3/ROBO1/DCLK1/GRIA4/TENM4/ADCYAP1R1/CRHR2/SCN5A/VIM/CALCR/TMEM108/NRSN1/PENK/STMN2/SSTR4/C2orf71/SLC8A1/CNIH3/VIP/EPHA7/PNOC/DCX/GRIA3/GLRB/ADGRL3/GABRA4/PRLHR2/RIC3/TPH1/CHRM4/SLC8A3/GPHN/RET/LOC428967/CHRNA1/PPP1R19L/ERMN/HMCN1/NEGR1/SAG/CHRND/CHRNG/EPHB3/KCNAB1/GPR149/CPEB1/CHRNA5/PRTG/NTRK3/MAP1A/RGS9BP/CDH8/CHL1/DBN1/CYFIP2/CAMK2A/MYOT/FSCN1/SSTR5/NEFH/SSTR2/NPTX1/CHRNA4/STMN3/LOC107054848/GABRD/LZTS1/ROBO3/CDON/OPCML/HTR3A/ADORA1/KCNC4/RHOC/TANC2/UNC13A/HOMER3/EMB/RGS7BP/MAP1B/NTRK2",86,"CC"
"GO:0098552","side of membrane","51/1793","205/11634",0.248780487804878,1.61422877586277,3.78720981263468,0.000256094154772836,0.00624229502258789,0.00581266338135714,"TNFRSF13C/IL2RB/LAG3/CD4/CD88/LOC418667/CRLF2/STAC/ITGA9/PTPN3/CD226/IL13RA2/FRMD6/CXCL12/GFRA1/CTLA4/ITGA6/SELP/SELE/LEPR/IL12RB2/KCNAB1/GRAMD2/SEMA7A/ITGA11/MTSS1L/GNAO1/IL21R/IL9R/ITGAD/MHCY36/MHCY14/MHCY11/MHCY7/MHCY4/MHCY35/BF1/TNFRSF9/TNFRSF18/CHMP7/GFRA2/LCK/CD3E/CD3D/LOC100857714/ZAP70/IL11RA/PRLR/GHR/LOC101749460/LOC121108967",51,"CC"
"GO:0098794","postsynapse","41/1793","157/11634",0.261146496815287,1.69446644949752,3.73941182973297,0.000342591726727065,0.00785945726020913,0.00731852295485061,"CLSTN3/GRIK1/GRIA4/ADAM22/TMEM108/CTNND2/DLGAP1/SCRIB/SLC8A1/LRFN2/DLGAP2/GRIA3/GLRB/GABRA4/SLC8A3/GPHN/ADGRA1/SORCS3/ADD3/CHRNA1/PPP1R19L/LRRC7/CLSTN2/CHRND/CHRNG/NLGN1/INSYN1/CHRNA5/DBN1/GRIN2C/ZZEF1/CHRNA4/SH2D5/LZTS1/DLGAP3/GRIK4/HTR3A/TANC2/GRIN3B/HOMER3/RGS7BP",41,"CC"
"GO:0043235","receptor complex","45/1793","178/11634",0.252808988764045,1.64036797282816,3.67484896734103,0.000395181940146399,0.00856227536983863,0.00797296896786594,"GPR37/STYK1/TRAT1/GABRR3/GRIK1/ITGBL1/GRIA4/TGFBR2/ITGA9/RAMP3/ALK/GRIA3/KIT/PDGFRA/GABRA4/RET/LOC428967/GFRA1/ERBB4/ITGA6/PLA2R1/DDR2/NOTCH2/IL12RB2/GPR160/NTRK3/ITGA11/PLXND1/PDGFRB/ITGAD/ITGB4/GRIN2C/GABRD/GFRA2/FGFR1/GRIK4/CD3E/CD3D/PLXNA2/LOC107049666/PRLR/GHR/LOC101749460/NTRK2/LOC121108967",45,"CC"
"GO:0031674","I band","14/1793","40/11634",0.35,2.27099832682655,3.4369619123548,0.00179617123430301,0.0368687779672723,0.0343312507387556,"FHL2/MYOZ2/PDLIM5/CSRP3/LPXN/RYR3/LDB3/PDLIM1/MYOZ3/PDLIM4/SMTNL2/FHL3/PPP1R12B/TCAP",14,"CC"
"GO:0045211","postsynaptic membrane","23/1793","81/11634",0.283950617283951,1.84243250500919,3.24748109336983,0.00203185253295774,0.039621124392676,0.0368941644142327,"CLSTN3/GRIK1/GRIA4/ADAM22/SCRIB/LRFN2/GRIA3/GLRB/GPHN/SORCS3/CHRNA1/LRRC7/CLSTN2/CHRND/CHRNG/NLGN1/CHRNA5/DBN1/GRIN2C/CHRNA4/GRIK4/HTR3A/GRIN3B",23,"CC"
"GO:0005604","basement membrane","9/1793","21/11634",0.428571428571429,2.78081427774679,3.48636181507047,0.00242436253962278,0.0441937893859475,0.0411521115739592,"LAMB1/LAMB4/COL4A1/COL4A2/SMOC2/COL4A5/COL4A6/LAMB2/LAMA5",9,"CC"
"GO:0030018","Z disc","13/1793","37/11634",0.351351351351351,2.27976666013476,3.327937935675,0.00249298299100216,0.0441937893859475,0.0411521115739592,"FHL2/MYOZ2/PDLIM5/CSRP3/LPXN/RYR3/LDB3/PDLIM1/MYOZ3/PDLIM4/FHL3/PPP1R12B/TCAP",13,"CC"
